Workbook

Sheet Read_me
A1: Verdict — wishlist survey workbook
A3: What this is
A4: Supporting artefact for Part 3. Interviews stay the qualitative lock. This workbook is the survey database. The live fillable form is /survey/form/ on the case site. Responses tab is the panel for this case.
A6: What is in Responses
A7: Constructed case sample (same method as the six interview write-ups). Cities: Bengaluru, Hyderabad, Delhi, Gurugram, Noida, Coimbatore, plus out-of-target noise (Mumbai, Pune, non-metro, other ages/genders). in_target and q3_code fill by formula.
A9: Host
A10: Live form: case site /survey/form/. Database = this xlsx.
A12: How the pieces fit
A13: 1. Instrument tab = every question. The live form uses the same IDs (S1. … Q3. …).
A14: 2. Responses tab = the case panel evaluators open.
A15: 3. Keep formula columns in_target / q3_code / off_app / legal_lever. Do not overwrite them.
A17: in_target rule
... A27: Analysis — counts that update from in_target / q3_code.

Sheet Instrument
A1: id | B1: section | C1: type | D1: required | E1: title | F1: options | G1: maps_to | H1: skip
A2: C1 | B2: 0. Consent | C2: mcq | D2: TRUE | E2: I understand this is anonymous and I can close the tab anytime. | F2: Yes, continue | G2: Consent
A3: S1 | B3: 1. Screener | C3: mcq | D3: TRUE | E3: Do you currently use the Myntra app or website? | F3: Yes | No | G3: Screener — Myntra user | H3: If No → Thanks
A4: S2 | B4: 1. Screener | C4: mcq | D4: TRUE | E4: How do you describe yourself? | F4: Woman | Man | Non-binary | Prefer not to say | G4: Segment — gender
A5: S3 | B5: 1. Screener | C5: mcq | D5: TRUE | E5: Your age | F5: Under 24 | 24–32 | 33–40 | 41+ | G5: Segment — age
A6: S4 | B6: 1. Screener | C6: dropdown | D6: TRUE | E6: Where do you live? | F6: Bengaluru | Hyderabad | Delhi | Gurugram | Noida | Coimbatore | Mumbai | Pune | Non-metro India | G6: Segment — city
A7: S5 | B7: 1. Screener | C7: mcq | D7: TRUE | E7: About how many items are in your Myntra wishlist right now? | F7: 0 | 1–14 | 15–40 | 41–80 | 81+ | G7: Wishlist depth | H7: If 0 → Thanks
A8: S6 | B8: 1. Screener | C8: mcq | D8: TRUE | E8: In the last 60 days, did you save something on Myntra and not buy it? | F8: Yes | No | G8: Recent stall
A9: S7 | B9: 1. Screener | C9: mcq | D9: TRUE | E9: How often do you open Myntra? | F9: Most days | About weekly | A few times a month | Rarely | G9: Usage
A10: Q1 | B10: 2. The last unsold save | C10: mcq | D10: TRUE | E10: Think of the last item you hearted and still have not bought. Why did you save it that day? | F10: I meant to buy it soon | To compare with other pieces I saved | For an occasion / event coming up | Waiting for a sale or price drop | I just liked it — not sure I’ll buy | Other | G10: Part 3 — why they saved
A11: Q2 | B11: 2. The last unsold save | C11: mcq | D11: TRUE | E11: Do you still intend to buy that item in the next 30 days? | F11: Yes | Maybe | No | G11: Part 3 — still intend
A12: Q3 | B12: 2. The last unsold save | C12: mcq | D12: TRUE | E12: What is the MAIN thing stopping you from buying it? | F12: I don’t know if it will fit me / this brand’s cut | I’m worried about returns exchange-only or a seal tag | I don’t trust the size chart | I can’t choose between a few similar things I saved | I’m not sure the fabric / quality matches the photo | I’m not sure when or where I’d wear it | I’m waiting for a sale or discount | My wishlist is a mess — I forget it | I was never really going to buy it | G12: WhyWait primary barrier
A13: Q4 | B13: 2. The last unsold save | C13: multi | D13: TRUE | E13: After you already liked the photo what were you still unsure about? | F13: Fit on my body / height | Which size to pick | Whether I can return or exchange it | Whether the next size exists | Occasion / office-appropriateness | Quality vs photo | Price | Nothing — I was just bookmarking | G13: Uncertainties after identification
A14: Q5 | B14: 2. The last unsold save | C14: multi | D14: TRUE | E14: What would make you buy it this week? | F14: A kept-vs-returned story from people my size and height on the wishlist card | Return / seal-tag / exchange-only written as a sentence on the card | A suggested size that stays with the saved item | A side-by-side of the other pieces I saved on fit — not on discount % | A coupon or sale | A friend telling me to buy it | Nothing — I don’t intend to buy it | G14: What would make them purchase
A15: Q6 | B15: 2. The last unsold save | C15: multi | D15: TRUE | E15: What information do you still need that the wishlist does not give you today? | F15: How this sat on someone near my height | Whether people who wear my usual size kept it | Return policy in words not an icon | Ethnic size vs my top size labelled separately | Length / crop / rise for my height | Whether Try and Buy exists on this SKU | I have everything I need | G15: Info still needed
A16: Q7 | B16: 2. The last unsold save | C16: mcq | D16: TRUE | E16: Are you comparing this with other items you already saved? | F16: Yes — I will buy one of them | Yes — but I may buy none | No | G16: Alternatives
A17: Q8 | B17: 3. Outside the app | C17: multi | D17: TRUE | E17: Before you decide what do you do outside Myntra? | F17: WhatsApp / send photos to friends or family | YouTube haul / try-on | Instagram | Google size charts or reviews | Visit a store to touch fabric or try a similar cut | Order two sizes and return one (or used to) | Nothing — I decide in the app | I just wait and never decide | G17: Outside the app
A18: Q9 | B18: 3. Outside the app | C18: multi | D18: TRUE | E18: How do you reduce the risk of a wrong size today? | F18: Only buy brands I have kept before | Read 50+ reviews on the product page | Ask a friend their size in that brand | Order two sizes | Wait for a sale so a failed return hurts less | Don’t buy — leave it wishlisted | G18: How they cope
A19: Q10a | B19: 3. Outside the app | C19: mcq | D19: TRUE | E19: Have you ever got a size explanation on the product page then opened the same item from wishlist later and found only the photo left? | F19: Yes | No | Not sure | G19: PDP advice does not travel
... A30: Q13 | B30: 6. One sentence | C30: long | D30: FALSE | E30: In one or two sentences: why is that saved item still not purchased? | F30: (verbatim) | G30: Open freeze

Sheet Codebook
A1: field | B1: in_target_logic | C1: q3_code | D1: notes
A2: S2 | B2: Must be Woman for target | D2: Keep all genders in the full file. Target cut is women only.
A3: S3 | B3: Must be 24–32 | D3: Under 24 and 33+ are the segment-diff rows.
A4: S4 | B4: Bengaluru / Hyderabad / Delhi / Gurugram / Noida / Coimbatore | D4: Mumbai / Pune / non-metro are the segment-diff rows.
A5: S5 | B5: 15–40 or 41–80 or 81+ | D5: 1–14 is too shallow vs interview screener.
A6: S6 | B6: Yes | D6: Recent stall.
A7: S7 | B7: Most days or About weekly
A8: Q3 | C8: fit="I don’t know if it will fit me / this brand’s cut"; return="I’m worried about returns"; chart="I don’t trust the size chart"; compare="I can’t choose between"; quality="fabric / quality"; occasion="when or where I’d wear it"; sale="waiting for a sale"; clutter="wishlist is a mess"; bookmark="never really going to buy it" | D8: Forced primary. Sale stays DISQUALIFIED even if it wins frequency.
A9: Q5 | C9: legal_fit = kept-vs-returned story; legal_policy = return in words; legal_persist = suggested size stays; legal_compare = side-by-side on fit; illegal = coupon; social = friend; none = don’t intend | D9: Compare legal vs illegal levers inside the same person.
A10: Q8 | C10: off_app = any of WhatsApp YouTube Instagram Google store two-sizes wait | D10: Nothing = decided in-app.
A11: Q10a | C11: mechanism_yes = Yes | D11: Supports Verdict on the saved card.
A12: Q12 | C12: intent / mix / bookmark | D12: Bookmark → Still exploring. Do not convert.

Sheet Responses
A1: Timestamp | B1: C1 | C1: S1 | D1: S2 | E1: S3 | F1: S4 | G1: S5 | H1: S6 | I1: S7 | J1: Q1 | K1: Q2 | L1: Q3 | M1: Q4 | N1: Q5 | O1: Q6 | P1: Q7 | Q1: Q8 | R1: Q9 | S1: Q10a | T1: Q11_fit | U1: Q11_return | V1: Q11_price | W1: Q11_occasion | X1: Q11_social | Y1: Q12 | Z1: D1 | AA1: D2 | AB1: D3 | AC1: D4 | AD1: Q13 | AE1: in_target | AF1: q3_code | AG1: off_app | AH1: legal_lever
A2: 8/9/2026 14:08:06 | B2: Yes, continue | C2: Yes | D2: Woman | E2: 24–32 | F2: Gurugram | G2: 15–40 | H2: Yes | I2: About weekly | J2: I meant to buy it soon | K2: Maybe | L2: I don’t trust the size chart | M2: Which size to pick, Fit on my body / height | N2: A kept-vs-returned story from people my size and height, on the wishlist card, A suggested size that stays with the saved item (not only on the product page), Return / seal-tag / exchange-only written as a sentence on the card, A friend telling me to buy it | O2: How this sat on someone near my height, Whether people who wear my usual size kept it, Length / crop / rise for my height | P2: No | Q2: WhatsApp / send photos to friends or family, YouTube haul / try-on, Instagram | R2: Only buy brands I have kept before, Read 50+ reviews on the product page | S2: Yes | T2: 5 | U2: 3 | V2: 2 | W2: 2 | X2: 4 | Y2: A mix | Z2: 5'2"–5'5" | AA2: M | AB2: No — ethnic runs different | AC2: Mostly workwear | AD2: Theatre. People like me, not centimetres. | AE2: =IF(C2="","",IF(AND(D2="Woman",E2="24–32",OR(F2="Bengaluru",F2="Hyderabad",F2="Delhi",F2="Gurugram",F2="Noida",F2="Coimbatore"),OR(G2="15–40",G2="41–80",G2="81+"),H2="Yes",OR(I2="Most days",I2="About weekly")),"YES","NO")) | AF2: =IF(L2="","",IF(ISNUMBER(SEARCH("fit",L2)),"fit",IF(ISNUMBER(SEARCH("return",L2))+ISNUMBER(SEARCH("seal",L2)),"return",IF(ISNUMBER(SEARCH("chart",L2)),"chart",IF(ISNUMBER(SEARCH("choose",L2)),"compare",IF(ISNUMBER(SEARCH("sale",L2)),"sale",IF(ISNUMBER(SEARCH("never",L2)),"bookmark",IF(ISNUMBER(SEARCH("mess",L2)),"clutter",IF(ISNUMBER(SEARCH("wear it",L2)),"occasion",IF(ISNUMBER(SEARCH("quality",L2)),"quality","other")))))))))) | AG2: =IF(Q2="","",IF(OR(ISNUMBER(SEARCH("WhatsApp",Q2)),ISNUMBER(SEARCH("YouTube",Q2)),ISNUMBER(SEARCH("Instagram",Q2)),ISNUMBER(SEARCH("Google",Q2)),ISNUMBER(SEARCH("store",Q2)),ISNUMBER(SEARCH("two sizes",Q2))),"off_app","in_app")) | AH2: =IF(N2="","",IF(ISNUMBER(SEARCH("coupon",N2))+ISNUMBER(SEARCH("sale",N2))+ISNUMBER(SEARCH("kept-vs-returned",N2))+ISNUMBER(SEARCH("sentence",N2))+ISNUMBER(SEARCH("stays with",N2))+ISNUMBER(SEARCH("side-by-side",N2)),IF(ISNUMBER(SEARCH("kept-vs-returned",N2))+ISNUMBER(SEARCH("sentence",N2))+ISNUMBER(SEARCH("stays with",N2))+ISNUMBER(SEARCH("side-by-side",N2)),"legal_present",IF(ISNUMBER(SEARCH("coupon",N2))+ISNUMBER(SEARCH("sale",N2)),"coupon_only","other")),"other"))
A3: 8/10/2026 5:36:42 | B3: Yes, continue | C3: Yes | D3: Woman | E3: 24–32 | F3: Noida | G3: 15–40 | H3: Yes | I3: About weekly | J3: I meant to buy it soon | K3: Yes | L3: I don’t know if it will fit me / this brand’s cut | M3: Fit on my body / height, Which size to pick | N3: A kept-vs-returned story from people my size and height, on the wishlist card, A suggested size that stays with the saved item (not only on the product page) | O3: How this sat on someone near my height, Whether people who wear my usual size kept it, Length / crop / rise for my height, Ethnic size vs my top size, labelled separately | P3: No | Q3: WhatsApp / send photos to friends or family, YouTube haul / try-on, Visit a store to touch fabric or try a similar cut | R3: Only buy brands I have kept before, Read 50+ reviews on the product page, Ask a friend their size in that brand | S3: Yes | T3: 5 | U3: 3 | V3: 2 | W3: 2 | X3: 2 | Y3: A shopping list I intend to buy from | Z3: 5'2"–5'5" | AA3: M | AB3: No — ethnic runs different | AC3: Mostly workwear | AE3: =IF(C3="","",IF(AND(D3="Woman",E3="24–32",OR(F3="Bengaluru",F3="Hyderabad",F3="Delhi",F3="Gurugram",F3="Noida",F3="Coimbatore"),OR(G3="15–40",G3="41–80",G3="81+"),H3="Yes",OR(I3="Most days",I3="About weekly")),"YES","NO")) | AF3: =IF(L3="","",IF(ISNUMBER(SEARCH("fit",L3)),"fit",IF(ISNUMBER(SEARCH("return",L3))+ISNUMBER(SEARCH("seal",L3)),"return",IF(ISNUMBER(SEARCH("chart",L3)),"chart",IF(ISNUMBER(SEARCH("choose",L3)),"compare",IF(ISNUMBER(SEARCH("sale",L3)),"sale",IF(ISNUMBER(SEARCH("never",L3)),"bookmark",IF(ISNUMBER(SEARCH("mess",L3)),"clutter",IF(ISNUMBER(SEARCH("wear it",L3)),"occasion",IF(ISNUMBER(SEARCH("quality",L3)),"quality","other")))))))))) | AG3: =IF(Q3="","",IF(OR(ISNUMBER(SEARCH("WhatsApp",Q3)),ISNUMBER(SEARCH("YouTube",Q3)),ISNUMBER(SEARCH("Instagram",Q3)),ISNUMBER(SEARCH("Google",Q3)),ISNUMBER(SEARCH("store",Q3)),ISNUMBER(SEARCH("two sizes",Q3))),"off_app","in_app")) | AH3: =IF(N3="","",IF(ISNUMBER(SEARCH("coupon",N3))+ISNUMBER(SEARCH("sale",N3))+ISNUMBER(SEARCH("kept-vs-returned",N3))+ISNUMBER(SEARCH("sentence",N3))+ISNUMBER(SEARCH("stays with",N3))+ISNUMBER(SEARCH("side-by-side",N3)),IF(ISNUMBER(SEARCH("kept-vs-returned",N3))+ISNUMBER(SEARCH("sentence",N3))+ISNUMBER(SEARCH("stays with",N3))+ISNUMBER(SEARCH("side-by-side",N3)),"legal_present",IF(ISNUMBER(SEARCH("coupon",N3))+ISNUMBER(SEARCH("sale",N3)),"coupon_only","other")),"other"))
A4: 8/10/2026 9:55:17 | B4: Yes, continue | C4: Yes | D4: Woman | E4: 24–32 | F4: Non-metro India | G4: 41–80 | H4: Yes | I4: Rarely | J4: I just liked it — not sure I’ll buy | K4: No | L4: My wishlist is a mess — I forget it | M4: Nothing — I was just bookmarking | N4: Nothing — I don’t intend to buy it | O4: How this sat on someone near my height, Return policy in words, not an icon | P4: No | Q4: WhatsApp / send photos to friends or family, YouTube haul / try-on, Instagram | R4: Only buy brands I have kept before, Read 50+ reviews on the product page, Don’t buy — leave it wishlisted | S4: Yes | T4: 3 | U4: 3 | V4: 2 | W4: 2 | X4: 4 | Y4: A mix | Z4: Under 5'2" | AA4: M | AB4: Yes, same letter | AC4: Mix of workwear and occasion | AD4: 96 items. I lose the one I actually meant to buy. | AE4: =IF(C4="","",IF(AND(D4="Woman",E4="24–32",OR(F4="Bengaluru",F4="Hyderabad",F4="Delhi",F4="Gurugram",F4="Noida",F4="Coimbatore"),OR(G4="15–40",G4="41–80",G4="81+"),H4="Yes",OR(I4="Most days",I4="About weekly")),"YES","NO")) | AF4: =IF(L4="","",IF(ISNUMBER(SEARCH("fit",L4)),"fit",IF(ISNUMBER(SEARCH("return",L4))+ISNUMBER(SEARCH("seal",L4)),"return",IF(ISNUMBER(SEARCH("chart",L4)),"chart",IF(ISNUMBER(SEARCH("choose",L4)),"compare",IF(ISNUMBER(SEARCH("sale",L4)),"sale",IF(ISNUMBER(SEARCH("never",L4)),"bookmark",IF(ISNUMBER(SEARCH("mess",L4)),"clutter",IF(ISNUMBER(SEARCH("wear it",L4)),"occasion",IF(ISNUMBER(SEARCH("quality",L4)),"quality","other")))))))))) | AG4: =IF(Q4="","",IF(OR(ISNUMBER(SEARCH("WhatsApp",Q4)),ISNUMBER(SEARCH("YouTube",Q4)),ISNUMBER(SEARCH("Instagram",Q4)),ISNUMBER(SEARCH("Google",Q4)),ISNUMBER(SEARCH("store",Q4)),ISNUMBER(SEARCH("two sizes",Q4))),"off_app","in_app")) | AH4: =IF(N4="","",IF(ISNUMBER(SEARCH("coupon",N4))+ISNUMBER(SEARCH("sale",N4))+ISNUMBER(SEARCH("kept-vs-returned",N4))+ISNUMBER(SEARCH("sentence",N4))+ISNUMBER(SEARCH("stays with",N4))+ISNUMBER(SEARCH("side-by-side",N4)),IF(ISNUMBER(SEARCH("kept-vs-returned",N4))+ISNUMBER(SEARCH("sentence",N4))+ISNUMBER(SEARCH("stays with",N4))+ISNUMBER(SEARCH("side-by-side",N4)),"legal_present",IF(ISNUMBER(SEARCH("coupon",N4))+ISNUMBER(SEARCH("sale",N4)),"coupon_only","other")),"other"))
A5: 8/10/2026 10:42:47 | B5: Yes, continue | C5: Yes | D5: Woman | E5: 33–40 | F5: Bengaluru | G5: 15–40 | H5: Yes | I5: About weekly | J5: For an occasion / event coming up | K5: Maybe | L5: I’m not sure when or where I’d wear it | M5: Occasion / office-appropriateness | N5: A kept-vs-returned story from people my size and height, on the wishlist card, A suggested size that stays with the saved item (not only on the product page) | O5: How this sat on someone near my height, Return policy in words, not an icon | P5: No | Q5: WhatsApp / send photos to friends or family, YouTube haul / try-on, Google size charts or reviews | R5: Only buy brands I have kept before, Read 50+ reviews on the product page, Ask a friend their size in that brand | S5: Yes | T5: 3 | U5: 3 | V5: 2 | W5: 5 | X5: 2 | Y5: A mix | Z5: 5'2"–5'5" | AA5: XS | AB5: I don’t buy ethnic on Myntra | AC5: Mostly occasion / ethnic | AD5: Function is in three weeks. Dupatta length and seal tag — that’s the stall. | AE5: =IF(C5="","",IF(AND(D5="Woman",E5="24–32",OR(F5="Bengaluru",F5="Hyderabad",F5="Delhi",F5="Gurugram",F5="Noida",F5="Coimbatore"),OR(G5="15–40",G5="41–80",G5="81+"),H5="Yes",OR(I5="Most days",I5="About weekly")),"YES","NO")) | AF5: =IF(L5="","",IF(ISNUMBER(SEARCH("fit",L5)),"fit",IF(ISNUMBER(SEARCH("return",L5))+ISNUMBER(SEARCH("seal",L5)),"return",IF(ISNUMBER(SEARCH("chart",L5)),"chart",IF(ISNUMBER(SEARCH("choose",L5)),"compare",IF(ISNUMBER(SEARCH("sale",L5)),"sale",IF(ISNUMBER(SEARCH("never",L5)),"bookmark",IF(ISNUMBER(SEARCH("mess",L5)),"clutter",IF(ISNUMBER(SEARCH("wear it",L5)),"occasion",IF(ISNUMBER(SEARCH("quality",L5)),"quality","other")))))))))) | AG5: =IF(Q5="","",IF(OR(ISNUMBER(SEARCH("WhatsApp",Q5)),ISNUMBER(SEARCH("YouTube",Q5)),ISNUMBER(SEARCH("Instagram",Q5)),ISNUMBER(SEARCH("Google",Q5)),ISNUMBER(SEARCH("store",Q5)),ISNUMBER(SEARCH("two sizes",Q5))),"off_app","in_app")) | AH5: =IF(N5="","",IF(ISNUMBER(SEARCH("coupon",N5))+ISNUMBER(SEARCH("sale",N5))+ISNUMBER(SEARCH("kept-vs-returned",N5))+ISNUMBER(SEARCH("sentence",N5))+ISNUMBER(SEARCH("stays with",N5))+ISNUMBER(SEARCH("side-by-side",N5)),IF(ISNUMBER(SEARCH("kept-vs-returned",N5))+ISNUMBER(SEARCH("sentence",N5))+ISNUMBER(SEARCH("stays with",N5))+ISNUMBER(SEARCH("side-by-side",N5)),"legal_present",IF(ISNUMBER(SEARCH("coupon",N5))+ISNUMBER(SEARCH("sale",N5)),"coupon_only","other")),"other"))
A6: 8/10/2026 14:01:58 | B6: Yes, continue | C6: Yes | D6: Woman | E6: 24–32 | F6: Noida | G6: 15–40 | H6: Yes | I6: About weekly | J6: I meant to buy it soon | K6: Yes | L6: I don’t know if it will fit me / this brand’s cut | M6: Fit on my body / height, Which size to pick | N6: A kept-vs-returned story from people my size and height, on the wishlist card, A suggested size that stays with the saved item (not only on the product page), Return / seal-tag / exchange-only written as a sentence on the card | O6: How this sat on someone near my height, Whether people who wear my usual size kept it, Length / crop / rise for my height | P6: No | Q6: WhatsApp / send photos to friends or family, YouTube haul / try-on, Visit a store to touch fabric or try a similar cut | R6: Only buy brands I have kept before, Read 50+ reviews on the product page, Don’t buy — leave it wishlisted | S6: Yes | T6: 5 | U6: 3 | V6: 2 | W6: 2 | X6: 2 | Y6: A shopping list I intend to buy from | Z6: 5'2"–5'5" | AA6: M | AB6: Yes, same letter | AC6: Mix of workwear and occasion | AD6: Straight kurta for work. Need to know if it hits below the knee on me. | AE6: =IF(C6="","",IF(AND(D6="Woman",E6="24–32",OR(F6="Bengaluru",F6="Hyderabad",F6="Delhi",F6="Gurugram",F6="Noida",F6="Coimbatore"),OR(G6="15–40",G6="41–80",G6="81+"),H6="Yes",OR(I6="Most days",I6="About weekly")),"YES","NO")) | AF6: =IF(L6="","",IF(ISNUMBER(SEARCH("fit",L6)),"fit",IF(ISNUMBER(SEARCH("return",L6))+ISNUMBER(SEARCH("seal",L6)),"return",IF(ISNUMBER(SEARCH("chart",L6)),"chart",IF(ISNUMBER(SEARCH("choose",L6)),"compare",IF(ISNUMBER(SEARCH("sale",L6)),"sale",IF(ISNUMBER(SEARCH("never",L6)),"bookmark",IF(ISNUMBER(SEARCH("mess",L6)),"clutter",IF(ISNUMBER(SEARCH("wear it",L6)),"occasion",IF(ISNUMBER(SEARCH("quality",L6)),"quality","other")))))))))) | AG6: =IF(Q6="","",IF(OR(ISNUMBER(SEARCH("WhatsApp",Q6)),ISNUMBER(SEARCH("YouTube",Q6)),ISNUMBER(SEARCH("Instagram",Q6)),ISNUMBER(SEARCH("Google",Q6)),ISNUMBER(SEARCH("store",Q6)),ISNUMBER(SEARCH("two sizes",Q6))),"off_app","in_app")) | AH6: =IF(N6="","",IF(ISNUMBER(SEARCH("coupon",N6))+ISNUMBER(SEARCH("sale",N6))+ISNUMBER(SEARCH("kept-vs-returned",N6))+ISNUMBER(SEARCH("sentence",N6))+ISNUMBER(SEARCH("stays with",N6))+ISNUMBER(SEARCH("side-by-side",N6)),IF(ISNUMBER(SEARCH("kept-vs-returned",N6))+ISNUMBER(SEARCH("sentence",N6))+ISNUMBER(SEARCH("stays with",N6))+ISNUMBER(SEARCH("side-by-side",N6)),"legal_present",IF(ISNUMBER(SEARCH("coupon",N6))+ISNUMBER(SEARCH("sale",N6)),"coupon_only","other")),"other"))
A7: 8/10/2026 16:50:09 | B7: Yes, continue | C7: Yes | D7: Woman | E7: 24–32 | F7: Delhi | G7: 41–80 | H7: Yes | I7: About weekly | J7: I just liked it — not sure I’ll buy | K7: No | L7: I was never really going to buy it | M7: Nothing — I was just bookmarking | N7: Nothing — I don’t intend to buy it | O7: I have everything I need | P7: No | Q7: YouTube haul / try-on | R7: Don’t buy — leave it wishlisted | S7: No | T7: 2 | U7: 2 | V7: 2 | W7: 2 | X7: 3 | Y7: A moodboard / Pinterest | Z7: 5'2"–5'5" | AA7: XS | AB7: Yes, same letter | AC7: Mostly workwear | AE7: =IF(C7="","",IF(AND(D7="Woman",E7="24–32",OR(F7="Bengaluru",F7="Hyderabad",F7="Delhi",F7="Gurugram",F7="Noida",F7="Coimbatore"),OR(G7="15–40",G7="41–80",G7="81+"),H7="Yes",OR(I7="Most days",I7="About weekly")),"YES","NO")) | AF7: =IF(L7="","",IF(ISNUMBER(SEARCH("fit",L7)),"fit",IF(ISNUMBER(SEARCH("return",L7))+ISNUMBER(SEARCH("seal",L7)),"return",IF(ISNUMBER(SEARCH("chart",L7)),"chart",IF(ISNUMBER(SEARCH("choose",L7)),"compare",IF(ISNUMBER(SEARCH("sale",L7)),"sale",IF(ISNUMBER(SEARCH("never",L7)),"bookmark",IF(ISNUMBER(SEARCH("mess",L7)),"clutter",IF(ISNUMBER(SEARCH("wear it",L7)),"occasion",IF(ISNUMBER(SEARCH("quality",L7)),"quality","other")))))))))) | AG7: =IF(Q7="","",IF(OR(ISNUMBER(SEARCH("WhatsApp",Q7)),ISNUMBER(SEARCH("YouTube",Q7)),ISNUMBER(SEARCH("Instagram",Q7)),ISNUMBER(SEARCH("Google",Q7)),ISNUMBER(SEARCH("store",Q7)),ISNUMBER(SEARCH("two sizes",Q7))),"off_app","in_app")) | AH7: =IF(N7="","",IF(ISNUMBER(SEARCH("coupon",N7))+ISNUMBER(SEARCH("sale",N7))+ISNUMBER(SEARCH("kept-vs-returned",N7))+ISNUMBER(SEARCH("sentence",N7))+ISNUMBER(SEARCH("stays with",N7))+ISNUMBER(SEARCH("side-by-side",N7)),IF(ISNUMBER(SEARCH("kept-vs-returned",N7))+ISNUMBER(SEARCH("sentence",N7))+ISNUMBER(SEARCH("stays with",N7))+ISNUMBER(SEARCH("side-by-side",N7)),"legal_present",IF(ISNUMBER(SEARCH("coupon",N7))+ISNUMBER(SEARCH("sale",N7)),"coupon_only","other")),"other"))
A8: 8/10/2026 18:52:02 | B8: Yes, continue | C8: Yes | D8: Woman | E8: 24–32 | F8: Gurugram | G8: 15–40 | H8: Yes | I8: About weekly | J8: I meant to buy it soon | K8: Yes | L8: I don’t know if it will fit me / this brand’s cut | M8: Fit on my body / height, Which size to pick | N8: A kept-vs-returned story from people my size and height, on the wishlist card, A suggested size that stays with the saved item (not only on the product page) | O8: How this sat on someone near my height, Whether people who wear my usual size kept it, Length / crop / rise for my height | P8: No | Q8: WhatsApp / send photos to friends or family, YouTube haul / try-on, Visit a store to touch fabric or try a similar cut | R8: Only buy brands I have kept before, Read 50+ reviews on the product page, Ask a friend their size in that brand, Don’t buy — leave it wishlisted | S8: Yes | T8: 5 | U8: 3 | V8: 2 | W8: 2 | X8: 2 | Y8: A shopping list I intend to buy from | Z8: 5'2"–5'5" | AA8: S | AB8: Yes, same letter | AC8: Mix of workwear and occasion | AD8: The size advice was on the product page. Wishlist is just a photo. I start over every time. | AE8: =IF(C8="","",IF(AND(D8="Woman",E8="24–32",OR(F8="Bengaluru",F8="Hyderabad",F8="Delhi",F8="Gurugram",F8="Noida",F8="Coimbatore"),OR(G8="15–40",G8="41–80",G8="81+"),H8="Yes",OR(I8="Most days",I8="About weekly")),"YES","NO")) | AF8: =IF(L8="","",IF(ISNUMBER(SEARCH("fit",L8)),"fit",IF(ISNUMBER(SEARCH("return",L8))+ISNUMBER(SEARCH("seal",L8)),"return",IF(ISNUMBER(SEARCH("chart",L8)),"chart",IF(ISNUMBER(SEARCH("choose",L8)),"compare",IF(ISNUMBER(SEARCH("sale",L8)),"sale",IF(ISNUMBER(SEARCH("never",L8)),"bookmark",IF(ISNUMBER(SEARCH("mess",L8)),"clutter",IF(ISNUMBER(SEARCH("wear it",L8)),"occasion",IF(ISNUMBER(SEARCH("quality",L8)),"quality","other")))))))))) | AG8: =IF(Q8="","",IF(OR(ISNUMBER(SEARCH("WhatsApp",Q8)),ISNUMBER(SEARCH("YouTube",Q8)),ISNUMBER(SEARCH("Instagram",Q8)),ISNUMBER(SEARCH("Google",Q8)),ISNUMBER(SEARCH("store",Q8)),ISNUMBER(SEARCH("two sizes",Q8))),"off_app","in_app")) | AH8: =IF(N8="","",IF(ISNUMBER(SEARCH("coupon",N8))+ISNUMBER(SEARCH("sale",N8))+ISNUMBER(SEARCH("kept-vs-returned",N8))+ISNUMBER(SEARCH("sentence",N8))+ISNUMBER(SEARCH("stays with",N8))+ISNUMBER(SEARCH("side-by-side",N8)),IF(ISNUMBER(SEARCH("kept-vs-returned",N8))+ISNUMBER(SEARCH("sentence",N8))+ISNUMBER(SEARCH("stays with",N8))+ISNUMBER(SEARCH("side-by-side",N8)),"legal_present",IF(ISNUMBER(SEARCH("coupon",N8))+ISNUMBER(SEARCH("sale",N8)),"coupon_only","other")),"other"))
A9: 8/10/2026 22:20:28 | B9: Yes, continue | C9: Yes | D9: Woman | E9: 24–32 | F9: Gurugram | G9: 15–40 | H9: Yes | I9: Most days | J9: Waiting for a sale or price drop | K9: Yes | L9: I’m waiting for a sale or discount | M9: Price, Whether I can return or exchange it | N9: A coupon or sale, A kept-vs-returned story from people my size and height, on the wishlist card, A suggested size that stays with the saved item (not only on the product page) | O9: How this sat on someone near my height, Return policy in words, not an icon | P9: No | Q9: WhatsApp / send photos to friends or family, YouTube haul / try-on, Instagram | R9: Only buy brands I have kept before, Read 50+ reviews on the product page, Wait for a sale so a failed return hurts less, Don’t buy — leave it wishlisted | S9: Yes | T9: 3 | U9: 4 | V9: 5 | W9: 2 | X9: 2 | Y9: A shopping list I intend to buy from | Z9: 5'5"–5'8" | AA9: L | AB9: No — ethnic runs different | AC9: Mostly workwear | AD9: Salary week I browse. I still don’t bag if fit is a coin flip, even on sale. | AE9: =IF(C9="","",IF(AND(D9="Woman",E9="24–32",OR(F9="Bengaluru",F9="Hyderabad",F9="Delhi",F9="Gurugram",F9="Noida",F9="Coimbatore"),OR(G9="15–40",G9="41–80",G9="81+"),H9="Yes",OR(I9="Most days",I9="About weekly")),"YES","NO")) | AF9: =IF(L9="","",IF(ISNUMBER(SEARCH("fit",L9)),"fit",IF(ISNUMBER(SEARCH("return",L9))+ISNUMBER(SEARCH("seal",L9)),"return",IF(ISNUMBER(SEARCH("chart",L9)),"chart",IF(ISNUMBER(SEARCH("choose",L9)),"compare",IF(ISNUMBER(SEARCH("sale",L9)),"sale",IF(ISNUMBER(SEARCH("never",L9)),"bookmark",IF(ISNUMBER(SEARCH("mess",L9)),"clutter",IF(ISNUMBER(SEARCH("wear it",L9)),"occasion",IF(ISNUMBER(SEARCH("quality",L9)),"quality","other")))))))))) | AG9: =IF(Q9="","",IF(OR(ISNUMBER(SEARCH("WhatsApp",Q9)),ISNUMBER(SEARCH("YouTube",Q9)),ISNUMBER(SEARCH("Instagram",Q9)),ISNUMBER(SEARCH("Google",Q9)),ISNUMBER(SEARCH("store",Q9)),ISNUMBER(SEARCH("two sizes",Q9))),"off_app","in_app")) | AH9: =IF(N9="","",IF(ISNUMBER(SEARCH("coupon",N9))+ISNUMBER(SEARCH("sale",N9))+ISNUMBER(SEARCH("kept-vs-returned",N9))+ISNUMBER(SEARCH("sentence",N9))+ISNUMBER(SEARCH("stays with",N9))+ISNUMBER(SEARCH("side-by-side",N9)),IF(ISNUMBER(SEARCH("kept-vs-returned",N9))+ISNUMBER(SEARCH("sentence",N9))+ISNUMBER(SEARCH("stays with",N9))+ISNUMBER(SEARCH("side-by-side",N9)),"legal_present",IF(ISNUMBER(SEARCH("coupon",N9))+ISNUMBER(SEARCH("sale",N9)),"coupon_only","other")),"other"))
A10: 8/11/2026 3:52:18 | B10: Yes, continue | C10: Yes | D10: Woman | E10: 24–32 | F10: Bengaluru | G10: 15–40 | H10: Yes | I10: Most days | J10: Waiting for a sale or price drop | K10: Yes | L10: I’m waiting for a sale or discount | M10: Price, Whether I can return or exchange it | N10: A coupon or sale, Return / seal-tag / exchange-only written as a sentence on the card, A kept-vs-returned story from people my size and height, on the wishlist card | O10: How this sat on someone near my height, Return policy in words, not an icon | P10: Yes — but I may buy none | Q10: WhatsApp / send photos to friends or family, YouTube haul / try-on, Instagram | R10: Only buy brands I have kept before, Read 50+ reviews on the product page, Wait for a sale so a failed return hurts less, Don’t buy — leave it wishlisted | S10: Yes | T10: 3 | U10: 4 | V10: 5 | W10: 2 | X10: 2 | Y10: A shopping list I intend to buy from | Z10: 5'5"–5'8" | AA10: S | AB10: Yes, same letter | AC10: Mix of workwear and occasion | AE10: =IF(C10="","",IF(AND(D10="Woman",E10="24–32",OR(F10="Bengaluru",F10="Hyderabad",F10="Delhi",F10="Gurugram",F10="Noida",F10="Coimbatore"),OR(G10="15–40",G10="41–80",G10="81+"),H10="Yes",OR(I10="Most days",I10="About weekly")),"YES","NO")) | AF10: =IF(L10="","",IF(ISNUMBER(SEARCH("fit",L10)),"fit",IF(ISNUMBER(SEARCH("return",L10))+ISNUMBER(SEARCH("seal",L10)),"return",IF(ISNUMBER(SEARCH("chart",L10)),"chart",IF(ISNUMBER(SEARCH("choose",L10)),"compare",IF(ISNUMBER(SEARCH("sale",L10)),"sale",IF(ISNUMBER(SEARCH("never",L10)),"bookmark",IF(ISNUMBER(SEARCH("mess",L10)),"clutter",IF(ISNUMBER(SEARCH("wear it",L10)),"occasion",IF(ISNUMBER(SEARCH("quality",L10)),"quality","other")))))))))) | AG10: =IF(Q10="","",IF(OR(ISNUMBER(SEARCH("WhatsApp",Q10)),ISNUMBER(SEARCH("YouTube",Q10)),ISNUMBER(SEARCH("Instagram",Q10)),ISNUMBER(SEARCH("Google",Q10)),ISNUMBER(SEARCH("store",Q10)),ISNUMBER(SEARCH("two sizes",Q10))),"off_app","in_app")) | AH10: =IF(N10="","",IF(ISNUMBER(SEARCH("coupon",N10))+ISNUMBER(SEARCH("sale",N10))+ISNUMBER(SEARCH("kept-vs-returned",N10))+ISNUMBER(SEARCH("sentence",N10))+ISNUMBER(SEARCH("stays with",N10))+ISNUMBER(SEARCH("side-by-side",N10)),IF(ISNUMBER(SEARCH("kept-vs-returned",N10))+ISNUMBER(SEARCH("sentence",N10))+ISNUMBER(SEARCH("stays with",N10))+ISNUMBER(SEARCH("side-by-side",N10)),"legal_present",IF(ISNUMBER(SEARCH("coupon",N10))+ISNUMBER(SEARCH("sale",N10)),"coupon_only","other")),"other"))
A11: 8/11/2026 8:59:04 | B11: Yes, continue | C11: Yes | D11: Woman | E11: Under 24 | F11: Pune | G11: 1–14 | H11: Yes | I11: Most days | J11: Waiting for a sale or price drop | K11: Yes | L11: I’m waiting for a sale or discount | M11: Price, Whether I can return or exchange it | N11: A coupon or sale, Return / seal-tag / exchange-only written as a sentence on the card, A kept-vs-returned story from people my size and height, on the wishlist card | O11: How this sat on someone near my height, Return policy in words, not an icon | P11: Yes — but I may buy none | Q11: WhatsApp / send photos to friends or family, YouTube haul / try-on, Google size charts or reviews | R11: Only buy brands I have kept before, Read 50+ reviews on the product page, Wait for a sale so a failed return hurts less | S11: No | T11: 3 | U11: 4 | V11: 5 | W11: 2 | X11: 2 | Y11: A shopping list I intend to buy from | Z11: 5'5"–5'8" | AA11: XS | AB11: No — ethnic runs different | AC11: Mix of workwear and occasion | AE11: =IF(C11="","",IF(AND(D11="Woman",E11="24–32",OR(F11="Bengaluru",F11="Hyderabad",F11="Delhi",F11="Gurugram",F11="Noida",F11="Coimbatore"),OR(G11="15–40",G11="41–80",G11="81+"),H11="Yes",OR(I11="Most days",I11="About weekly")),"YES","NO")) | AF11: =IF(L11="","",IF(ISNUMBER(SEARCH("fit",L11)),"fit",IF(ISNUMBER(SEARCH("return",L11))+ISNUMBER(SEARCH("seal",L11)),"return",IF(ISNUMBER(SEARCH("chart",L11)),"chart",IF(ISNUMBER(SEARCH("choose",L11)),"compare",IF(ISNUMBER(SEARCH("sale",L11)),"sale",IF(ISNUMBER(SEARCH("never",L11)),"bookmark",IF(ISNUMBER(SEARCH("mess",L11)),"clutter",IF(ISNUMBER(SEARCH("wear it",L11)),"occasion",IF(ISNUMBER(SEARCH("quality",L11)),"quality","other")))))))))) | AG11: =IF(Q11="","",IF(OR(ISNUMBER(SEARCH("WhatsApp",Q11)),ISNUMBER(SEARCH("YouTube",Q11)),ISNUMBER(SEARCH("Instagram",Q11)),ISNUMBER(SEARCH("Google",Q11)),ISNUMBER(SEARCH("store",Q11)),ISNUMBER(SEARCH("two sizes",Q11))),"off_app","in_app")) | AH11: =IF(N11="","",IF(ISNUMBER(SEARCH("coupon",N11))+ISNUMBER(SEARCH("sale",N11))+ISNUMBER(SEARCH("kept-vs-returned",N11))+ISNUMBER(SEARCH("sentence",N11))+ISNUMBER(SEARCH("stays with",N11))+ISNUMBER(SEARCH("side-by-side",N11)),IF(ISNUMBER(SEARCH("kept-vs-returned",N11))+ISNUMBER(SEARCH("sentence",N11))+ISNUMBER(SEARCH("stays with",N11))+ISNUMBER(SEARCH("side-by-side",N11)),"legal_present",IF(ISNUMBER(SEARCH("coupon",N11))+ISNUMBER(SEARCH("sale",N11)),"coupon_only","other")),"other"))
A12: 8/11/2026 9:09:52 | B12: Yes, continue | C12: Yes | D12: Woman | E12: 33–40 | F12: Bengaluru | G12: 15–40 | H12: Yes | I12: A few times a month | J12: I meant to buy it soon | K12: Yes | L12: I’m worried about returns, exchange-only, or a seal tag | M12: Whether I can return or exchange it, Whether the next size exists, Fit on my body / height | N12: Return / seal-tag / exchange-only written as a sentence on the card, A kept-vs-returned story from people my size and height, on the wishlist card | O12: Return policy in words, not an icon, Whether Try and Buy exists on this SKU, How this sat on someone near my height | P12: Yes — but I may buy none | Q12: WhatsApp / send photos to friends or family, YouTube haul / try-on, Visit a store to touch fabric or try a similar cut | R12: Only buy brands I have kept before, Read 50+ reviews on the product page, Order two sizes, Wait for a sale so a failed return hurts less | S12: Yes | T12: 4 | U12: 5 | V12: 3 | W12: 2 | X12: 2 | Y12: A shopping list I intend to buy from | Z12: Under 5'2" | AA12: M | AB12: No — ethnic runs different | AC12: Mix of workwear and occasion | AE12: =IF(C12="","",IF(AND(D12="Woman",E12="24–32",OR(F12="Bengaluru",F12="Hyderabad",F12="Delhi",F12="Gurugram",F12="Noida",F12="Coimbatore"),OR(G12="15–40",G12="41–80",G12="81+"),H12="Yes",OR(I12="Most days",I12="About weekly")),"YES","NO")) | AF12: =IF(L12="","",IF(ISNUMBER(SEARCH("fit",L12)),"fit",IF(ISNUMBER(SEARCH("return",L12))+ISNUMBER(SEARCH("seal",L12)),"return",IF(ISNUMBER(SEARCH("chart",L12)),"chart",IF(ISNUMBER(SEARCH("choose",L12)),"compare",IF(ISNUMBER(SEARCH("sale",L12)),"sale",IF(ISNUMBER(SEARCH("never",L12)),"bookmark",IF(ISNUMBER(SEARCH("mess",L12)),"clutter",IF(ISNUMBER(SEARCH("wear it",L12)),"occasion",IF(ISNUMBER(SEARCH("quality",L12)),"quality","other")))))))))) | AG12: =IF(Q12="","",IF(OR(ISNUMBER(SEARCH("WhatsApp",Q12)),ISNUMBER(SEARCH("YouTube",Q12)),ISNUMBER(SEARCH("Instagram",Q12)),ISNUMBER(SEARCH("Google",Q12)),ISNUMBER(SEARCH("store",Q12)),ISNUMBER(SEARCH("two sizes",Q12))),"off_app","in_app")) | AH12: =IF(N12="","",IF(ISNUMBER(SEARCH("coupon",N12))+ISNUMBER(SEARCH("sale",N12))+ISNUMBER(SEARCH("kept-vs-returned",N12))+ISNUMBER(SEARCH("sentence",N12))+ISNUMBER(SEARCH("stays with",N12))+ISNUMBER(SEARCH("side-by-side",N12)),IF(ISNUMBER(SEARCH("kept-vs-returned",N12))+ISNUMBER(SEARCH("sentence",N12))+ISNUMBER(SEARCH("stays with",N12))+ISNUMBER(SEARCH("side-by-side",N12)),"legal_present",IF(ISNUMBER(SEARCH("coupon",N12))+ISNUMBER(SEARCH("sale",N12)),"coupon_only","other")),"other"))
A13: 8/11/2026 11:11:18 | B13: Yes, continue | C13: Yes | D13: Woman | E13: 24–32 | F13: Hyderabad | G13: 15–40 | H13: Yes | I13: About weekly | J13: I meant to buy it soon | K13: Yes | L13: I’m worried about returns, exchange-only, or a seal tag | M13: Whether I can return or exchange it, Whether the next size exists, Fit on my body / height | N13: Return / seal-tag / exchange-only written as a sentence on the card, A kept-vs-returned story from people my size and height, on the wishlist card | O13: Return policy in words, not an icon, Whether Try and Buy exists on this SKU, How this sat on someone near my height | P13: Yes — I will buy one of them | Q13: WhatsApp / send photos to friends or family, YouTube haul / try-on, Visit a store to touch fabric or try a similar cut | R13: Only buy brands I have kept before, Read 50+ reviews on the product page, Ask a friend their size in that brand, Wait for a sale so a failed return hurts less | S13: Yes | T13: 4 | U13: 5 | V13: 3 | W13: 2 | X13: 4 | Y13: A shopping list I intend to buy from | Z13: 5'2"–5'5" | AA13: S | AB13: No — ethnic runs different | AC13: Mostly occasion / ethnic | AD13: I have the money. I don’t have another Sunday for a reverse pickup. | AE13: =IF(C13="","",IF(AND(D13="Woman",E13="24–32",OR(F13="Bengaluru",F13="Hyderabad",F13="Delhi",F13="Gurugram",F13="Noida",F13="Coimbatore"),OR(G13="15–40",G13="41–80",G13="81+"),H13="Yes",OR(I13="Most days",I13="About weekly")),"YES","NO")) | AF13: =IF(L13="","",IF(ISNUMBER(SEARCH("fit",L13)),"fit",IF(ISNUMBER(SEARCH("return",L13))+ISNUMBER(SEARCH("seal",L13)),"return",IF(ISNUMBER(SEARCH("chart",L13)),"chart",IF(ISNUMBER(SEARCH("choose",L13)),"compare",IF(ISNUMBER(SEARCH("sale",L13)),"sale",IF(ISNUMBER(SEARCH("never",L13)),"bookmark",IF(ISNUMBER(SEARCH("mess",L13)),"clutter",IF(ISNUMBER(SEARCH("wear it",L13)),"occasion",IF(ISNUMBER(SEARCH("quality",L13)),"quality","other")))))))))) | AG13: =IF(Q13="","",IF(OR(ISNUMBER(SEARCH("WhatsApp",Q13)),ISNUMBER(SEARCH("YouTube",Q13)),ISNUMBER(SEARCH("Instagram",Q13)),ISNUMBER(SEARCH("Google",Q13)),ISNUMBER(SEARCH("store",Q13)),ISNUMBER(SEARCH("two sizes",Q13))),"off_app","in_app")) | AH13: =IF(N13="","",IF(ISNUMBER(SEARCH("coupon",N13))+ISNUMBER(SEARCH("sale",N13))+ISNUMBER(SEARCH("kept-vs-returned",N13))+ISNUMBER(SEARCH("sentence",N13))+ISNUMBER(SEARCH("stays with",N13))+ISNUMBER(SEARCH("side-by-side",N13)),IF(ISNUMBER(SEARCH("kept-vs-returned",N13))+ISNUMBER(SEARCH("sentence",N13))+ISNUMBER(SEARCH("stays with",N13))+ISNUMBER(SEARCH("side-by-side",N13)),"legal_present",IF(ISNUMBER(SEARCH("coupon",N13))+ISNUMBER(SEARCH("sale",N13)),"coupon_only","other")),"other"))
A14: 8/11/2026 13:32:40 | B14: Yes, continue | C14: Yes | D14: Woman | E14: 24–32 | F14: Noida | G14: 41–80 | H14: Yes | I14: Most days | J14: I meant to buy it soon | K14: Yes | L14: I don’t know if it will fit me / this brand’s cut | M14: Fit on my body / height, Which size to pick | N14: A kept-vs-returned story from people my size and height, on the wishlist card, A suggested size that stays with the saved item (not only on the product page), Return / seal-tag / exchange-only written as a sentence on the card | O14: How this sat on someone near my height, Whether people who wear my usual size kept it, Length / crop / rise for my height | P14: Yes — I will buy one of them | Q14: WhatsApp / send photos to friends or family, YouTube haul / try-on | R14: Only buy brands I have kept before, Read 50+ reviews on the product page, Ask a friend their size in that brand | S14: Yes | T14: 5 | U14: 3 | V14: 2 | W14: 2 | X14: 2 | Y14: A shopping list I intend to buy from | Z14: 5'2"–5'5" | AA14: M | AB14: No — ethnic runs different | AC14: Mix of workwear and occasion | AE14: =IF(C14="","",IF(AND(D14="Woman",E14="24–32",OR(F14="Bengaluru",F14="Hyderabad",F14="Delhi",F14="Gurugram",F14="Noida",F14="Coimbatore"),OR(G14="15–40",G14="41–80",G14="81+"),H14="Yes",OR(I14="Most days",I14="About weekly")),"YES","NO")) | AF14: =IF(L14="","",IF(ISNUMBER(SEARCH("fit",L14)),"fit",IF(ISNUMBER(SEARCH("return",L14))+ISNUMBER(SEARCH("seal",L14)),"return",IF(ISNUMBER(SEARCH("chart",L14)),"chart",IF(ISNUMBER(SEARCH("choose",L14)),"compare",IF(ISNUMBER(SEARCH("sale",L14)),"sale",IF(ISNUMBER(SEARCH("never",L14)),"bookmark",IF(ISNUMBER(SEARCH("mess",L14)),"clutter",IF(ISNUMBER(SEARCH("wear it",L14)),"occasion",IF(ISNUMBER(SEARCH("quality",L14)),"quality","other")))))))))) | AG14: =IF(Q14="","",IF(OR(ISNUMBER(SEARCH("WhatsApp",Q14)),ISNUMBER(SEARCH("YouTube",Q14)),ISNUMBER(SEARCH("Instagram",Q14)),ISNUMBER(SEARCH("Google",Q14)),ISNUMBER(SEARCH("store",Q14)),ISNUMBER(SEARCH("two sizes",Q14))),"off_app","in_app")) | AH14: =IF(N14="","",IF(ISNUMBER(SEARCH("coupon",N14))+ISNUMBER(SEARCH("sale",N14))+ISNUMBER(SEARCH("kept-vs-returned",N14))+ISNUMBER(SEARCH("sentence",N14))+ISNUMBER(SEARCH("stays with",N14))+ISNUMBER(SEARCH("side-by-side",N14)),IF(ISNUMBER(SEARCH("kept-vs-returned",N14))+ISNUMBER(SEARCH("sentence",N14))+ISNUMBER(SEARCH("stays with",N14))+ISNUMBER(SEARCH("side-by-side",N14)),"legal_present",IF(ISNUMBER(SEARCH("coupon",N14))+ISNUMBER(SEARCH("sale",N14)),"coupon_only","other")),"other"))
A15: 8/11/2026 15:59:49 | B15: Yes, continue | C15: Yes | D15: Woman | E15: 24–32 | F15: Delhi | G15: 15–40 | H15: Yes | I15: About weekly | J15: I meant to buy it soon | K15: Yes | L15: I’m worried about returns, exchange-only, or a seal tag | M15: Whether I can return or exchange it, Whether the next size exists, Fit on my body / height | N15: Return / seal-tag / exchange-only written as a sentence on the card, A kept-vs-returned story from people my size and height, on the wishlist card | O15: Return policy in words, not an icon, Whether Try and Buy exists on this SKU, How this sat on someone near my height | P15: No | Q15: WhatsApp / send photos to friends or family, YouTube haul / try-on | R15: Only buy brands I have kept before, Read 50+ reviews on the product page, Ask a friend their size in that brand, Wait for a sale so a failed return hurts less | S15: No | T15: 4 | U15: 5 | V15: 3 | W15: 2 | X15: 4 | Y15: A shopping list I intend to buy from | Z15: Under 5'2" | AA15: L | AB15: No — ethnic runs different | AC15: Mostly workwear | AD15: Exchange-only should scream before I get attached. I found it too late. | AE15: =IF(C15="","",IF(AND(D15="Woman",E15="24–32",OR(F15="Bengaluru",F15="Hyderabad",F15="Delhi",F15="Gurugram",F15="Noida",F15="Coimbatore"),OR(G15="15–40",G15="41–80",G15="81+"),H15="Yes",OR(I15="Most days",I15="About weekly")),"YES","NO")) | AF15: =IF(L15="","",IF(ISNUMBER(SEARCH("fit",L15)),"fit",IF(ISNUMBER(SEARCH("return",L15))+ISNUMBER(SEARCH("seal",L15)),"return",IF(ISNUMBER(SEARCH("chart",L15)),"chart",IF(ISNUMBER(SEARCH("choose",L15)),"compare",IF(ISNUMBER(SEARCH("sale",L15)),"sale",IF(ISNUMBER(SEARCH("never",L15)),"bookmark",IF(ISNUMBER(SEARCH("mess",L15)),"clutter",IF(ISNUMBER(SEARCH("wear it",L15)),"occasion",IF(ISNUMBER(SEARCH("quality",L15)),"quality","other")))))))))) | AG15: =IF(Q15="","",IF(OR(ISNUMBER(SEARCH("WhatsApp",Q15)),ISNUMBER(SEARCH("YouTube",Q15)),ISNUMBER(SEARCH("Instagram",Q15)),ISNUMBER(SEARCH("Google",Q15)),ISNUMBER(SEARCH("store",Q15)),ISNUMBER(SEARCH("two sizes",Q15))),"off_app","in_app")) | AH15: =IF(N15="","",IF(ISNUMBER(SEARCH("coupon",N15))+ISNUMBER(SEARCH("sale",N15))+ISNUMBER(SEARCH("kept-vs-returned",N15))+ISNUMBER(SEARCH("sentence",N15))+ISNUMBER(SEARCH("stays with",N15))+ISNUMBER(SEARCH("side-by-side",N15)),IF(ISNUMBER(SEARCH("kept-vs-returned",N15))+ISNUMBER(SEARCH("sentence",N15))+ISNUMBER(SEARCH("stays with",N15))+ISNUMBER(SEARCH("side-by-side",N15)),"legal_present",IF(ISNUMBER(SEARCH("coupon",N15))+ISNUMBER(SEARCH("sale",N15)),"coupon_only","other")),"other"))
A16: 8/12/2026 2:49:21 | B16: Yes, continue | C16: Yes | D16: Woman | E16: 24–32 | F16: Coimbatore | G16: 15–40 | H16: Yes | I16: Most days | J16: I meant to buy it soon | K16: Yes | L16: I’m worried about returns, exchange-only, or a seal tag | M16: Whether I can return or exchange it, Whether the next size exists, Fit on my body / height | N16: Return / seal-tag / exchange-only written as a sentence on the card, A kept-vs-returned story from people my size and height, on the wishlist card, A coupon or sale | O16: Return policy in words, not an icon, Whether Try and Buy exists on this SKU, How this sat on someone near my height | P16: No | Q16: WhatsApp / send photos to friends or family, YouTube haul / try-on, Visit a store to touch fabric or try a similar cut | R16: Only buy brands I have kept before, Read 50+ reviews on the product page, Ask a friend their size in that brand, Order two sizes, Wait for a sale so a failed return hurts less | S16: Yes | T16: 4 | U16: 5 | V16: 3 | W16: 2 | X16: 4 | Y16: A shopping list I intend to buy from | Z16: 5'5"–5'8" | AA16: XS | AB16: No — ethnic runs different | AC16: Mix of workwear and occasion | AD16: Seal tag means I cannot actually try it. So I don’t buy from a photo. | AE16: =IF(C16="","",IF(AND(D16="Woman",E16="24–32",OR(F16="Bengaluru",F16="Hyderabad",F16="Delhi",F16="Gurugram",F16="Noida",F16="Coimbatore"),OR(G16="15–40",G16="41–80",G16="81+"),H16="Yes",OR(I16="Most days",I16="About weekly")),"YES","NO")) | AF16: =IF(L16="","",IF(ISNUMBER(SEARCH("fit",L16)),"fit",IF(ISNUMBER(SEARCH("return",L16))+ISNUMBER(SEARCH("seal",L16)),"return",IF(ISNUMBER(SEARCH("chart",L16)),"chart",IF(ISNUMBER(SEARCH("choose",L16)),"compare",IF(ISNUMBER(SEARCH("sale",L16)),"sale",IF(ISNUMBER(SEARCH("never",L16)),"bookmark",IF(ISNUMBER(SEARCH("mess",L16)),"clutter",IF(ISNUMBER(SEARCH("wear it",L16)),"occasion",IF(ISNUMBER(SEARCH("quality",L16)),"quality","other")))))))))) | AG16: =IF(Q16="","",IF(OR(ISNUMBER(SEARCH("WhatsApp",Q16)),ISNUMBER(SEARCH("YouTube",Q16)),ISNUMBER(SEARCH("Instagram",Q16)),ISNUMBER(SEARCH("Google",Q16)),ISNUMBER(SEARCH("store",Q16)),ISNUMBER(SEARCH("two sizes",Q16))),"off_app","in_app")) | AH16: =IF(N16="","",IF(ISNUMBER(SEARCH("coupon",N16))+ISNUMBER(SEARCH("sale",N16))+ISNUMBER(SEARCH("kept-vs-returned",N16))+ISNUMBER(SEARCH("sentence",N16))+ISNUMBER(SEARCH("stays with",N16))+ISNUMBER(SEARCH("side-by-side",N16)),IF(ISNUMBER(SEARCH("kept-vs-returned",N16))+ISNUMBER(SEARCH("sentence",N16))+ISNUMBER(SEARCH("stays with",N16))+ISNUMBER(SEARCH("side-by-side",N16)),"legal_present",IF(ISNUMBER(SEARCH("coupon",N16))+ISNUMBER(SEARCH("sale",N16)),"coupon_only","other")),"other"))
A17: 8/12/2026 9:02:33 | B17: Yes, continue | C17: Yes | D17: Woman | E17: 24–32 | F17: Noida | G17: 15–40 | H17: Yes | I17: Most days | J17: For an occasion / event coming up | K17: Maybe | L17: I’m not sure when or where I’d wear it | M17: Occasion / office-appropriateness | N17: A kept-vs-returned story from people my size and height, on the wishlist card, A suggested size that stays with the saved item (not only on the product page) | O17: How this sat on someone near my height, Return policy in words, not an icon | P17: No | Q17: WhatsApp / send photos to friends or family, YouTube haul / try-on | R17: Only buy brands I have kept before, Read 50+ reviews on the product page, Ask a friend their size in that brand, Don’t buy — leave it wishlisted | S17: Yes | T17: 3 | U17: 3 | V17: 2 | W17: 5 | X17: 4 | Y17: A mix | Z17: 5'2"–5'5" | AA17: M | AB17: No — ethnic runs different | AC17: Mix of workwear and occasion | AD17: Function is in three weeks. Dupatta length and seal tag — that’s the stall. | AE17: =IF(C17="","",IF(AND(D17="Woman",E17="24–32",OR(F17="Bengaluru",F17="Hyderabad",F17="Delhi",F17="Gurugram",F17="Noida",F17="Coimbatore"),OR(G17="15–40",G17="41–80",G17="81+"),H17="Yes",OR(I17="Most days",I17="About weekly")),"YES","NO")) | AF17: =IF(L17="","",IF(ISNUMBER(SEARCH("fit",L17)),"fit",IF(ISNUMBER(SEARCH("return",L17))+ISNUMBER(SEARCH("seal",L17)),"return",IF(ISNUMBER(SEARCH("chart",L17)),"chart",IF(ISNUMBER(SEARCH("choose",L17)),"compare",IF(ISNUMBER(SEARCH("sale",L17)),"sale",IF(ISNUMBER(SEARCH("never",L17)),"bookmark",IF(ISNUMBER(SEARCH("mess",L17)),"clutter",IF(ISNUMBER(SEARCH("wear it",L17)),"occasion",IF(ISNUMBER(SEARCH("quality",L17)),"quality","other")))))))))) | AG17: =IF(Q17="","",IF(OR(ISNUMBER(SEARCH("WhatsApp",Q17)),ISNUMBER(SEARCH("YouTube",Q17)),ISNUMBER(SEARCH("Instagram",Q17)),ISNUMBER(SEARCH("Google",Q17)),ISNUMBER(SEARCH("store",Q17)),ISNUMBER(SEARCH("two sizes",Q17))),"off_app","in_app")) | AH17: =IF(N17="","",IF(ISNUMBER(SEARCH("coupon",N17))+ISNUMBER(SEARCH("sale",N17))+ISNUMBER(SEARCH("kept-vs-returned",N17))+ISNUMBER(SEARCH("sentence",N17))+ISNUMBER(SEARCH("stays with",N17))+ISNUMBER(SEARCH("side-by-side",N17)),IF(ISNUMBER(SEARCH("kept-vs-returned",N17))+ISNUMBER(SEARCH("sentence",N17))+ISNUMBER(SEARCH("stays with",N17))+ISNUMBER(SEARCH("side-by-side",N17)),"legal_present",IF(ISNUMBER(SEARCH("coupon",N17))+ISNUMBER(SEARCH("sale",N17)),"coupon_only","other")),"other"))
A18: 8/12/2026 10:06:49 | B18: Yes, continue | C18: Yes | D18: Woman | E18: 24–32 | F18: Pune | G18: 15–40 | H18: Yes | I18: Rarely | J18: I meant to buy it soon | K18: Yes | L18: I don’t know if it will fit me / this brand’s cut | M18: Fit on my body / height, Which size to pick, Whether I can return or exchange it | N18: A kept-vs-returned story from people my size and height, on the wishlist card, A suggested size that stays with the saved item (not only on the product page), A friend telling me to buy it | O18: How this sat on someone near my height, Whether people who wear my usual size kept it, Length / crop / rise for my height | P18: No | Q18: WhatsApp / send photos to friends or family, YouTube haul / try-on, Google size charts or reviews | R18: Only buy brands I have kept before, Read 50+ reviews on the product page | S18: Yes | T18: 5 | U18: 3 | V18: 2 | W18: 2 | X18: 4 | Y18: A shopping list I intend to buy from | Z18: 5'2"–5'5" | AA18: M | AB18: No — ethnic runs different | AC18: Mix of workwear and occasion | AD18: Reviews split on size up. I will not play that with a ₹3,000 dress. | AE18: =IF(C18="","",IF(AND(D18="Woman",E18="24–32",OR(F18="Bengaluru",F18="Hyderabad",F18="Delhi",F18="Gurugram",F18="Noida",F18="Coimbatore"),OR(G18="15–40",G18="41–80",G18="81+"),H18="Yes",OR(I18="Most days",I18="About weekly")),"YES","NO")) | AF18: =IF(L18="","",IF(ISNUMBER(SEARCH("fit",L18)),"fit",IF(ISNUMBER(SEARCH("return",L18))+ISNUMBER(SEARCH("seal",L18)),"return",IF(ISNUMBER(SEARCH("chart",L18)),"chart",IF(ISNUMBER(SEARCH("choose",L18)),"compare",IF(ISNUMBER(SEARCH("sale",L18)),"sale",IF(ISNUMBER(SEARCH("never",L18)),"bookmark",IF(ISNUMBER(SEARCH("mess",L18)),"clutter",IF(ISNUMBER(SEARCH("wear it",L18)),"occasion",IF(ISNUMBER(SEARCH("quality",L18)),"quality","other")))))))))) | AG18: =IF(Q18="","",IF(OR(ISNUMBER(SEARCH("WhatsApp",Q18)),ISNUMBER(SEARCH("YouTube",Q18)),ISNUMBER(SEARCH("Instagram",Q18)),ISNUMBER(SEARCH("Google",Q18)),ISNUMBER(SEARCH("store",Q18)),ISNUMBER(SEARCH("two sizes",Q18))),"off_app","in_app")) | AH18: =IF(N18="","",IF(ISNUMBER(SEARCH("coupon",N18))+ISNUMBER(SEARCH("sale",N18))+ISNUMBER(SEARCH("kept-vs-returned",N18))+ISNUMBER(SEARCH("sentence",N18))+ISNUMBER(SEARCH("stays with",N18))+ISNUMBER(SEARCH("side-by-side",N18)),IF(ISNUMBER(SEARCH("kept-vs-returned",N18))+ISNUMBER(SEARCH("sentence",N18))+ISNUMBER(SEARCH("stays with",N18))+ISNUMBER(SEARCH("side-by-side",N18)),"legal_present",IF(ISNUMBER(SEARCH("coupon",N18))+ISNUMBER(SEARCH("sale",N18)),"coupon_only","other")),"other"))
A19: 8/12/2026 17:06:23 | B19: Yes, continue | C19: Yes | D19: Woman | E19: 24–32 | F19: Delhi | G19: 15–40 | H19: Yes | I19: About weekly | J19: Waiting for a sale or price drop | K19: Yes | L19: I’m waiting for a sale or discount | M19: Price, Whether I can return or exchange it | N19: A coupon or sale, Return / seal-tag / exchange-only written as a sentence on the card, A kept-vs-returned story from people my size and height, on the wishlist card | O19: How this sat on someone near my height, Return policy in words, not an icon | P19: Yes — I will buy one of them | Q19: WhatsApp / send photos to friends or family, YouTube haul / try-on, Google size charts or reviews | R19: Only buy brands I have kept before, Read 50+ reviews on the product page, Wait for a sale so a failed return hurts less, Don’t buy — leave it wishlisted | S19: Yes | T19: 3 | U19: 4 | V19: 5 | W19: 2 | X19: 4 | Y19: A shopping list I intend to buy from | Z19: 5'5"–5'8" | AA19: M | AB19: No — ethnic runs different | AC19: Mix of workwear and occasion | AD19: Discounted plus nasty returns. I saved thinking both. Only one was true. | AE19: =IF(C19="","",IF(AND(D19="Woman",E19="24–32",OR(F19="Bengaluru",F19="Hyderabad",F19="Delhi",F19="Gurugram",F19="Noida",F19="Coimbatore"),OR(G19="15–40",G19="41–80",G19="81+"),H19="Yes",OR(I19="Most days",I19="About weekly")),"YES","NO")) | AF19: =IF(L19="","",IF(ISNUMBER(SEARCH("fit",L19)),"fit",IF(ISNUMBER(SEARCH("return",L19))+ISNUMBER(SEARCH("seal",L19)),"return",IF(ISNUMBER(SEARCH("chart",L19)),"chart",IF(ISNUMBER(SEARCH("choose",L19)),"compare",IF(ISNUMBER(SEARCH("sale",L19)),"sale",IF(ISNUMBER(SEARCH("never",L19)),"bookmark",IF(ISNUMBER(SEARCH("mess",L19)),"clutter",IF(ISNUMBER(SEARCH("wear it",L19)),"occasion",IF(ISNUMBER(SEARCH("quality",L19)),"quality","other")))))))))) | AG19: =IF(Q19="","",IF(OR(ISNUMBER(SEARCH("WhatsApp",Q19)),ISNUMBER(SEARCH("YouTube",Q19)),ISNUMBER(SEARCH("Instagram",Q19)),ISNUMBER(SEARCH("Google",Q19)),ISNUMBER(SEARCH("store",Q19)),ISNUMBER(SEARCH("two sizes",Q19))),"off_app","in_app")) | AH19: =IF(N19="","",IF(ISNUMBER(SEARCH("coupon",N19))+ISNUMBER(SEARCH("sale",N19))+ISNUMBER(SEARCH("kept-vs-returned",N19))+ISNUMBER(SEARCH("sentence",N19))+ISNUMBER(SEARCH("stays with",N19))+ISNUMBER(SEARCH("side-by-side",N19)),IF(ISNUMBER(SEARCH("kept-vs-returned",N19))+ISNUMBER(SEARCH("sentence",N19))+ISNUMBER(SEARCH("stays with",N19))+ISNUMBER(SEARCH("side-by-side",N19)),"legal_present",IF(ISNUMBER(SEARCH("coupon",N19))+ISNUMBER(SEARCH("sale",N19)),"coupon_only","other")),"other"))
A20: 8/13/2026 1:08:13 | B20: Yes, continue | C20: Yes | D20: Woman | E20: 24–32 | F20: Hyderabad | G20: 15–40 | H20: Yes | I20: About weekly | J20: I meant to buy it soon | K20: Yes | L20: I’m worried about returns, exchange-only, or a seal tag | M20: Whether I can return or exchange it, Whether the next size exists, Fit on my body / height | N20: Return / seal-tag / exchange-only written as a sentence on the card, A kept-vs-returned story from people my size and height, on the wishlist card | O20: Return policy in words, not an icon, Whether Try and Buy exists on this SKU, How this sat on someone near my height | P20: Yes — I will buy one of them | Q20: WhatsApp / send photos to friends or family, YouTube haul / try-on | R20: Only buy brands I have kept before, Read 50+ reviews on the product page, Ask a friend their size in that brand, Wait for a sale so a failed return hurts less | S20: Not sure | T20: 4 | U20: 5 | V20: 3 | W20: 2 | X20: 2 | Y20: A shopping list I intend to buy from | Z20: Under 5'2" | AA20: M | AB20: Yes, same letter | AC20: Mostly occasion / ethnic | AD20: Pickup didn’t come, window expired. Now I only heart things. | AE20: =IF(C20="","",IF(AND(D20="Woman",E20="24–32",OR(F20="Bengaluru",F20="Hyderabad",F20="Delhi",F20="Gurugram",F20="Noida",F20="Coimbatore"),OR(G20="15–40",G20="41–80",G20="81+"),H20="Yes",OR(I20="Most days",I20="About weekly")),"YES","NO")) | AF20: =IF(L20="","",IF(ISNUMBER(SEARCH("fit",L20)),"fit",IF(ISNUMBER(SEARCH("return",L20))+ISNUMBER(SEARCH("seal",L20)),"return",IF(ISNUMBER(SEARCH("chart",L20)),"chart",IF(ISNUMBER(SEARCH("choose",L20)),"compare",IF(ISNUMBER(SEARCH("sale",L20)),"sale",IF(ISNUMBER(SEARCH("never",L20)),"bookmark",IF(ISNUMBER(SEARCH("mess",L20)),"clutter",IF(ISNUMBER(SEARCH("wear it",L20)),"occasion",IF(ISNUMBER(SEARCH("quality",L20)),"quality","other")))))))))) | AG20: =IF(Q20="","",IF(OR(ISNUMBER(SEARCH("WhatsApp",Q20)),ISNUMBER(SEARCH("YouTube",Q20)),ISNUMBER(SEARCH("Instagram",Q20)),ISNUMBER(SEARCH("Google",Q20)),ISNUMBER(SEARCH("store",Q20)),ISNUMBER(SEARCH("two sizes",Q20))),"off_app","in_app")) | AH20: =IF(N20="","",IF(ISNUMBER(SEARCH("coupon",N20))+ISNUMBER(SEARCH("sale",N20))+ISNUMBER(SEARCH("kept-vs-returned",N20))+ISNUMBER(SEARCH("sentence",N20))+ISNUMBER(SEARCH("stays with",N20))+ISNUMBER(SEARCH("side-by-side",N20)),IF(ISNUMBER(SEARCH("kept-vs-returned",N20))+ISNUMBER(SEARCH("sentence",N20))+ISNUMBER(SEARCH("stays with",N20))+ISNUMBER(SEARCH("side-by-side",N20)),"legal_present",IF(ISNUMBER(SEARCH("coupon",N20))+ISNUMBER(SEARCH("sale",N20)),"coupon_only","other")),"other"))
A21: 8/13/2026 1:43:49 | B21: Yes, continue | C21: Yes | D21: Woman | E21: 24–32 | F21: Delhi | G21: 15–40 | H21: Yes | I21: About weekly | J21: I just liked it — not sure I’ll buy | K21: No | L21: I was never really going to buy it | M21: Nothing — I was just bookmarking | N21: Nothing — I don’t intend to buy it | O21: I have everything I need | P21: No | Q21: Instagram | R21: Don’t buy — leave it wishlisted | S21: Not sure | T21: 2 | U21: 2 | V21: 2 | W21: 2 | X21: 3 | Y21: A moodboard / Pinterest | Z21: Under 5'2" | AA21: S | AB21: Yes, same letter | AC21: Mix of workwear and occasion | AD21: Don’t convert my moodboard. Half of this list is pretty, not a cart. | AE21: =IF(C21="","",IF(AND(D21="Woman",E21="24–32",OR(F21="Bengaluru",F21="Hyderabad",F21="Delhi",F21="Gurugram",F21="Noida",F21="Coimbatore"),OR(G21="15–40",G21="41–80",G21="81+"),H21="Yes",OR(I21="Most days",I21="About weekly")),"YES","NO")) | AF21: =IF(L21="","",IF(ISNUMBER(SEARCH("fit",L21)),"fit",IF(ISNUMBER(SEARCH("return",L21))+ISNUMBER(SEARCH("seal",L21)),"return",IF(ISNUMBER(SEARCH("chart",L21)),"chart",IF(ISNUMBER(SEARCH("choose",L21)),"compare",IF(ISNUMBER(SEARCH("sale",L21)),"sale",IF(ISNUMBER(SEARCH("never",L21)),"bookmark",IF(ISNUMBER(SEARCH("mess",L21)),"clutter",IF(ISNUMBER(SEARCH("wear it",L21)),"occasion",IF(ISNUMBER(SEARCH("quality",L21)),"quality","other")))))))))) | AG21: =IF(Q21="","",IF(OR(ISNUMBER(SEARCH("WhatsApp",Q21)),ISNUMBER(SEARCH("YouTube",Q21)),ISNUMBER(SEARCH("Instagram",Q21)),ISNUMBER(SEARCH("Google",Q21)),ISNUMBER(SEARCH("store",Q21)),ISNUMBER(SEARCH("two sizes",Q21))),"off_app","in_app")) | AH21: =IF(N21="","",IF(ISNUMBER(SEARCH("coupon",N21))+ISNUMBER(SEARCH("sale",N21))+ISNUMBER(SEARCH("kept-vs-returned",N21))+ISNUMBER(SEARCH("sentence",N21))+ISNUMBER(SEARCH("stays with",N21))+ISNUMBER(SEARCH("side-by-side",N21)),IF(ISNUMBER(SEARCH("kept-vs-returned",N21))+ISNUMBER(SEARCH("sentence",N21))+ISNUMBER(SEARCH("stays with",N21))+ISNUMBER(SEARCH("side-by-side",N21)),"legal_present",IF(ISNUMBER(SEARCH("coupon",N21))+ISNUMBER(SEARCH("sale",N21)),"coupon_only","other")),"other"))
A22: 8/13/2026 6:32:09 | B22: Yes, continue | C22: Yes | D22: Woman | E22: 24–32 | F22: Mumbai | G22: 15–40 | H22: Yes | I22: Most days | J22: I meant to buy it soon | K22: Yes | L22: I’m worried about returns, exchange-only, or a seal tag | M22: Whether I can return or exchange it, Whether the next size exists, Fit on my body / height | N22: Return / seal-tag / exchange-only written as a sentence on the card, A kept-vs-returned story from people my size and height, on the wishlist card, A coupon or sale | O22: Return policy in words, not an icon, Whether Try and Buy exists on this SKU, How this sat on someone near my height | P22: Yes — but I may buy none | Q22: WhatsApp / send photos to friends or family, YouTube haul / try-on, Instagram | R22: Only buy brands I have kept before, Read 50+ reviews on the product page, Ask a friend their size in that brand, Wait for a sale so a failed return hurts less, Don’t buy — leave it wishlisted | S22: Yes | T22: 4 | U22: 5 | V22: 3 | W22: 2 | X22: 2 | Y22: A shopping list I intend to buy from | Z22: 5'5"–5'8" | AA22: M | AB22: Yes, same letter | AC22: Mostly workwear | AD22: I have the money. I don’t have another Sunday for a reverse pickup. | AE22: =IF(C22="","",IF(AND(D22="Woman",E22="24–32",OR(F22="Bengaluru",F22="Hyderabad",F22="Delhi",F22="Gurugram",F22="Noida",F22="Coimbatore"),OR(G22="15–40",G22="41–80",G22="81+"),H22="Yes",OR(I22="Most days",I22="About weekly")),"YES","NO")) | AF22: =IF(L22="","",IF(ISNUMBER(SEARCH("fit",L22)),"fit",IF(ISNUMBER(SEARCH("return",L22))+ISNUMBER(SEARCH("seal",L22)),"return",IF(ISNUMBER(SEARCH("chart",L22)),"chart",IF(ISNUMBER(SEARCH("choose",L22)),"compare",IF(ISNUMBER(SEARCH("sale",L22)),"sale",IF(ISNUMBER(SEARCH("never",L22)),"bookmark",IF(ISNUMBER(SEARCH("mess",L22)),"clutter",IF(ISNUMBER(SEARCH("wear it",L22)),"occasion",IF(ISNUMBER(SEARCH("quality",L22)),"quality","other")))))))))) | AG22: =IF(Q22="","",IF(OR(ISNUMBER(SEARCH("WhatsApp",Q22)),ISNUMBER(SEARCH("YouTube",Q22)),ISNUMBER(SEARCH("Instagram",Q22)),ISNUMBER(SEARCH("Google",Q22)),ISNUMBER(SEARCH("store",Q22)),ISNUMBER(SEARCH("two sizes",Q22))),"off_app","in_app")) | AH22: =IF(N22="","",IF(ISNUMBER(SEARCH("coupon",N22))+ISNUMBER(SEARCH("sale",N22))+ISNUMBER(SEARCH("kept-vs-returned",N22))+ISNUMBER(SEARCH("sentence",N22))+ISNUMBER(SEARCH("stays with",N22))+ISNUMBER(SEARCH("side-by-side",N22)),IF(ISNUMBER(SEARCH("kept-vs-returned",N22))+ISNUMBER(SEARCH("sentence",N22))+ISNUMBER(SEARCH("stays with",N22))+ISNUMBER(SEARCH("side-by-side",N22)),"legal_present",IF(ISNUMBER(SEARCH("coupon",N22))+ISNUMBER(SEARCH("sale",N22)),"coupon_only","other")),"other"))
A23: 8/13/2026 9:24:00 | B23: Yes, continue | C23: Yes | D23: Woman | E23: 24–32 | F23: Gurugram | G23: 15–40 | H23: Yes | I23: About weekly | J23: I meant to buy it soon | K23: Yes | L23: I don’t know if it will fit me / this brand’s cut | M23: Fit on my body / height, Which size to pick | N23: A kept-vs-returned story from people my size and height, on the wishlist card, A suggested size that stays with the saved item (not only on the product page) | O23: How this sat on someone near my height, Whether people who wear my usual size kept it, Length / crop / rise for my height, Ethnic size vs my top size, labelled separately | P23: No | Q23: WhatsApp / send photos to friends or family, YouTube haul / try-on, Visit a store to touch fabric or try a similar cut | R23: Only buy brands I have kept before, Read 50+ reviews on the product page, Don’t buy — leave it wishlisted | S23: Yes | T23: 5 | U23: 3 | V23: 2 | W23: 2 | X23: 2 | Y23: A shopping list I intend to buy from | Z23: 5'2"–5'5" | AA23: M | AB23: No — ethnic runs different | AC23: Mix of workwear and occasion | AE23: =IF(C23="","",IF(AND(D23="Woman",E23="24–32",OR(F23="Bengaluru",F23="Hyderabad",F23="Delhi",F23="Gurugram",F23="Noida",F23="Coimbatore"),OR(G23="15–40",G23="41–80",G23="81+"),H23="Yes",OR(I23="Most days",I23="About weekly")),"YES","NO")) | AF23: =IF(L23="","",IF(ISNUMBER(SEARCH("fit",L23)),"fit",IF(ISNUMBER(SEARCH("return",L23))+ISNUMBER(SEARCH("seal",L23)),"return",IF(ISNUMBER(SEARCH("chart",L23)),"chart",IF(ISNUMBER(SEARCH("choose",L23)),"compare",IF(ISNUMBER(SEARCH("sale",L23)),"sale",IF(ISNUMBER(SEARCH("never",L23)),"bookmark",IF(ISNUMBER(SEARCH("mess",L23)),"clutter",IF(ISNUMBER(SEARCH("wear it",L23)),"occasion",IF(ISNUMBER(SEARCH("quality",L23)),"quality","other")))))))))) | AG23: =IF(Q23="","",IF(OR(ISNUMBER(SEARCH("WhatsApp",Q23)),ISNUMBER(SEARCH("YouTube",Q23)),ISNUMBER(SEARCH("Instagram",Q23)),ISNUMBER(SEARCH("Google",Q23)),ISNUMBER(SEARCH("store",Q23)),ISNUMBER(SEARCH("two sizes",Q23))),"off_app","in_app")) | AH23: =IF(N23="","",IF(ISNUMBER(SEARCH("coupon",N23))+ISNUMBER(SEARCH("sale",N23))+ISNUMBER(SEARCH("kept-vs-returned",N23))+ISNUMBER(SEARCH("sentence",N23))+ISNUMBER(SEARCH("stays with",N23))+ISNUMBER(SEARCH("side-by-side",N23)),IF(ISNUMBER(SEARCH("kept-vs-returned",N23))+ISNUMBER(SEARCH("sentence",N23))+ISNUMBER(SEARCH("stays with",N23))+ISNUMBER(SEARCH("side-by-side",N23)),"legal_present",IF(ISNUMBER(SEARCH("coupon",N23))+ISNUMBER(SEARCH("sale",N23)),"coupon_only","other")),"other"))
A24: 8/13/2026 13:49:46 | B24: Yes, continue | C24: Yes | D24: Woman | E24: 41+ | F24: Coimbatore | G24: 41–80 | H24: Yes | I24: A few times a month | J24: I meant to buy it soon | K24: Maybe | L24: I’m not sure the fabric / quality matches the photo | M24: Quality vs photo | N24: A kept-vs-returned story from people my size and height, on the wishlist card, A suggested size that stays with the saved item (not only on the product page) | O24: How this sat on someone near my height, Return policy in words, not an icon | P24: No | Q24: WhatsApp / send photos to friends or family, YouTube haul / try-on | R24: Only buy brands I have kept before, Read 50+ reviews on the product page, Ask a friend their size in that brand, Don’t buy — leave it wishlisted | S24: Yes | T24: 3 | U24: 3 | V24: 2 | W24: 2 | X24: 2 | Y24: A mix | Z24: Under 5'2" | AA24: XS | AB24: No — ethnic runs different | AC24: Mostly workwear | AD24: Looks cheap vs photo. I want a haul, not another model shot. | AE24: =IF(C24="","",IF(AND(D24="Woman",E24="24–32",OR(F24="Bengaluru",F24="Hyderabad",F24="Delhi",F24="Gurugram",F24="Noida",F24="Coimbatore"),OR(G24="15–40",G24="41–80",G24="81+"),H24="Yes",OR(I24="Most days",I24="About weekly")),"YES","NO")) | AF24: =IF(L24="","",IF(ISNUMBER(SEARCH("fit",L24)),"fit",IF(ISNUMBER(SEARCH("return",L24))+ISNUMBER(SEARCH("seal",L24)),"return",IF(ISNUMBER(SEARCH("chart",L24)),"chart",IF(ISNUMBER(SEARCH("choose",L24)),"compare",IF(ISNUMBER(SEARCH("sale",L24)),"sale",IF(ISNUMBER(SEARCH("never",L24)),"bookmark",IF(ISNUMBER(SEARCH("mess",L24)),"clutter",IF(ISNUMBER(SEARCH("wear it",L24)),"occasion",IF(ISNUMBER(SEARCH("quality",L24)),"quality","other")))))))))) | AG24: =IF(Q24="","",IF(OR(ISNUMBER(SEARCH("WhatsApp",Q24)),ISNUMBER(SEARCH("YouTube",Q24)),ISNUMBER(SEARCH("Instagram",Q24)),ISNUMBER(SEARCH("Google",Q24)),ISNUMBER(SEARCH("store",Q24)),ISNUMBER(SEARCH("two sizes",Q24))),"off_app","in_app")) | AH24: =IF(N24="","",IF(ISNUMBER(SEARCH("coupon",N24))+ISNUMBER(SEARCH("sale",N24))+ISNUMBER(SEARCH("kept-vs-returned",N24))+ISNUMBER(SEARCH("sentence",N24))+ISNUMBER(SEARCH("stays with",N24))+ISNUMBER(SEARCH("side-by-side",N24)),IF(ISNUMBER(SEARCH("kept-vs-returned",N24))+ISNUMBER(SEARCH("sentence",N24))+ISNUMBER(SEARCH("stays with",N24))+ISNUMBER(SEARCH("side-by-side",N24)),"legal_present",IF(ISNUMBER(SEARCH("coupon",N24))+ISNUMBER(SEARCH("sale",N24)),"coupon_only","other")),"other"))
A25: 8/13/2026 18:28:37 | B25: Yes, continue | C25: Yes | D25: Woman | E25: 24–32 | F25: Noida | G25: 15–40 | H25: Yes | I25: Most days | J25: I meant to buy it soon | K25: Yes | L25: I don’t know if it will fit me / this brand’s cut | M25: Fit on my body / height, Which size to pick | N25: A kept-vs-returned story from people my size and height, on the wishlist card, A suggested size that stays with the saved item (not only on the product page) | O25: How this sat on someone near my height, Whether people who wear my usual size kept it, Length / crop / rise for my height, Ethnic size vs my top size, labelled separately | P25: No | Q25: WhatsApp / send photos to friends or family, YouTube haul / try-on, Instagram | R25: Only buy brands I have kept before, Read 50+ reviews on the product page, Ask a friend their size in that brand | S25: Yes | T25: 5 | U25: 3 | V25: 2 | W25: 2 | X25: 4 | Y25: A shopping list I intend to buy from | Z25: Above 5'8" | AA25: XS | AB25: No — ethnic runs different | AC25: Mostly occasion / ethnic | AD25: I know my Roadster size. I do not know this cut. That’s why it’s still saved. | AE25: =IF(C25="","",IF(AND(D25="Woman",E25="24–32",OR(F25="Bengaluru",F25="Hyderabad",F25="Delhi",F25="Gurugram",F25="Noida",F25="Coimbatore"),OR(G25="15–40",G25="41–80",G25="81+"),H25="Yes",OR(I25="Most days",I25="About weekly")),"YES","NO")) | AF25: =IF(L25="","",IF(ISNUMBER(SEARCH("fit",L25)),"fit",IF(ISNUMBER(SEARCH("return",L25))+ISNUMBER(SEARCH("seal",L25)),"return",IF(ISNUMBER(SEARCH("chart",L25)),"chart",IF(ISNUMBER(SEARCH("choose",L25)),"compare",IF(ISNUMBER(SEARCH("sale",L25)),"sale",IF(ISNUMBER(SEARCH("never",L25)),"bookmark",IF(ISNUMBER(SEARCH("mess",L25)),"clutter",IF(ISNUMBER(SEARCH("wear it",L25)),"occasion",IF(ISNUMBER(SEARCH("quality",L25)),"quality","other")))))))))) | AG25: =IF(Q25="","",IF(OR(ISNUMBER(SEARCH("WhatsApp",Q25)),ISNUMBER(SEARCH("YouTube",Q25)),ISNUMBER(SEARCH("Instagram",Q25)),ISNUMBER(SEARCH("Google",Q25)),ISNUMBER(SEARCH("store",Q25)),ISNUMBER(SEARCH("two sizes",Q25))),"off_app","in_app")) | AH25: =IF(N25="","",IF(ISNUMBER(SEARCH("coupon",N25))+ISNUMBER(SEARCH("sale",N25))+ISNUMBER(SEARCH("kept-vs-returned",N25))+ISNUMBER(SEARCH("sentence",N25))+ISNUMBER(SEARCH("stays with",N25))+ISNUMBER(SEARCH("side-by-side",N25)),IF(ISNUMBER(SEARCH("kept-vs-returned",N25))+ISNUMBER(SEARCH("sentence",N25))+ISNUMBER(SEARCH("stays with",N25))+ISNUMBER(SEARCH("side-by-side",N25)),"legal_present",IF(ISNUMBER(SEARCH("coupon",N25))+ISNUMBER(SEARCH("sale",N25)),"coupon_only","other")),"other"))
A26: 8/14/2026 10:14:07 | B26: Yes, continue | C26: Yes | D26: Woman | E26: 24–32 | F26: Bengaluru | G26: 15–40 | H26: Yes | I26: About weekly | J26: Waiting for a sale or price drop | K26: Yes | L26: I’m waiting for a sale or discount | M26: Price, Whether I can return or exchange it | N26: A coupon or sale, Return / seal-tag / exchange-only written as a sentence on the card, A kept-vs-returned story from people my size and height, on the wishlist card | O26: How this sat on someone near my height, Return policy in words, not an icon | P26: No | Q26: WhatsApp / send photos to friends or family, YouTube haul / try-on, Instagram | R26: Only buy brands I have kept before, Read 50+ reviews on the product page, Ask a friend their size in that brand, Wait for a sale so a failed return hurts less, Don’t buy — leave it wishlisted | S26: No | T26: 3 | U26: 4 | V26: 5 | W26: 2 | X26: 2 | Y26: A shopping list I intend to buy from | Z26: 5'2"–5'5" | AA26: L | AB26: No — ethnic runs different | AC26: Mix of workwear and occasion | AD26: I’ll pay full price if I’m sure. Sale is how I cope with risk, not greed. | AE26: =IF(C26="","",IF(AND(D26="Woman",E26="24–32",OR(F26="Bengaluru",F26="Hyderabad",F26="Delhi",F26="Gurugram",F26="Noida",F26="Coimbatore"),OR(G26="15–40",G26="41–80",G26="81+"),H26="Yes",OR(I26="Most days",I26="About weekly")),"YES","NO")) | AF26: =IF(L26="","",IF(ISNUMBER(SEARCH("fit",L26)),"fit",IF(ISNUMBER(SEARCH("return",L26))+ISNUMBER(SEARCH("seal",L26)),"return",IF(ISNUMBER(SEARCH("chart",L26)),"chart",IF(ISNUMBER(SEARCH("choose",L26)),"compare",IF(ISNUMBER(SEARCH("sale",L26)),"sale",IF(ISNUMBER(SEARCH("never",L26)),"bookmark",IF(ISNUMBER(SEARCH("mess",L26)),"clutter",IF(ISNUMBER(SEARCH("wear it",L26)),"occasion",IF(ISNUMBER(SEARCH("quality",L26)),"quality","other")))))))))) | AG26: =IF(Q26="","",IF(OR(ISNUMBER(SEARCH("WhatsApp",Q26)),ISNUMBER(SEARCH("YouTube",Q26)),ISNUMBER(SEARCH("Instagram",Q26)),ISNUMBER(SEARCH("Google",Q26)),ISNUMBER(SEARCH("store",Q26)),ISNUMBER(SEARCH("two sizes",Q26))),"off_app","in_app")) | AH26: =IF(N26="","",IF(ISNUMBER(SEARCH("coupon",N26))+ISNUMBER(SEARCH("sale",N26))+ISNUMBER(SEARCH("kept-vs-returned",N26))+ISNUMBER(SEARCH("sentence",N26))+ISNUMBER(SEARCH("stays with",N26))+ISNUMBER(SEARCH("side-by-side",N26)),IF(ISNUMBER(SEARCH("kept-vs-returned",N26))+ISNUMBER(SEARCH("sentence",N26))+ISNUMBER(SEARCH("stays with",N26))+ISNUMBER(SEARCH("side-by-side",N26)),"legal_present",IF(ISNUMBER(SEARCH("coupon",N26))+ISNUMBER(SEARCH("sale",N26)),"coupon_only","other")),"other"))
A27: 8/14/2026 10:58:50 | B27: Yes, continue | C27: Yes | D27: Woman | E27: 24–32 | F27: Coimbatore | G27: 41–80 | H27: Yes | I27: About weekly | J27: I meant to buy it soon | K27: Yes | L27: I don’t know if it will fit me / this brand’s cut | M27: Fit on my body / height, Which size to pick | N27: A kept-vs-returned story from people my size and height, on the wishlist card, A suggested size that stays with the saved item (not only on the product page), Return / seal-tag / exchange-only written as a sentence on the card | O27: How this sat on someone near my height, Whether people who wear my usual size kept it, Length / crop / rise for my height, Ethnic size vs my top size, labelled separately | P27: Yes — I will buy one of them | Q27: WhatsApp / send photos to friends or family, YouTube haul / try-on, Visit a store to touch fabric or try a similar cut | R27: Only buy brands I have kept before, Read 50+ reviews on the product page, Don’t buy — leave it wishlisted | S27: Yes | T27: 5 | U27: 3 | V27: 2 | W27: 2 | X27: 2 | Y27: A shopping list I intend to buy from | Z27: 5'5"–5'8" | AA27: S | AB27: No — ethnic runs different | AC27: Mostly workwear | AE27: =IF(C27="","",IF(AND(D27="Woman",E27="24–32",OR(F27="Bengaluru",F27="Hyderabad",F27="Delhi",F27="Gurugram",F27="Noida",F27="Coimbatore"),OR(G27="15–40",G27="41–80",G27="81+"),H27="Yes",OR(I27="Most days",I27="About weekly")),"YES","NO")) | AF27: =IF(L27="","",IF(ISNUMBER(SEARCH("fit",L27)),"fit",IF(ISNUMBER(SEARCH("return",L27))+ISNUMBER(SEARCH("seal",L27)),"return",IF(ISNUMBER(SEARCH("chart",L27)),"chart",IF(ISNUMBER(SEARCH("choose",L27)),"compare",IF(ISNUMBER(SEARCH("sale",L27)),"sale",IF(ISNUMBER(SEARCH("never",L27)),"bookmark",IF(ISNUMBER(SEARCH("mess",L27)),"clutter",IF(ISNUMBER(SEARCH("wear it",L27)),"occasion",IF(ISNUMBER(SEARCH("quality",L27)),"quality","other")))))))))) | AG27: =IF(Q27="","",IF(OR(ISNUMBER(SEARCH("WhatsApp",Q27)),ISNUMBER(SEARCH("YouTube",Q27)),ISNUMBER(SEARCH("Instagram",Q27)),ISNUMBER(SEARCH("Google",Q27)),ISNUMBER(SEARCH("store",Q27)),ISNUMBER(SEARCH("two sizes",Q27))),"off_app","in_app")) | AH27: =IF(N27="","",IF(ISNUMBER(SEARCH("coupon",N27))+ISNUMBER(SEARCH("sale",N27))+ISNUMBER(SEARCH("kept-vs-returned",N27))+ISNUMBER(SEARCH("sentence",N27))+ISNUMBER(SEARCH("stays with",N27))+ISNUMBER(SEARCH("side-by-side",N27)),IF(ISNUMBER(SEARCH("kept-vs-returned",N27))+ISNUMBER(SEARCH("sentence",N27))+ISNUMBER(SEARCH("stays with",N27))+ISNUMBER(SEARCH("side-by-side",N27)),"legal_present",IF(ISNUMBER(SEARCH("coupon",N27))+ISNUMBER(SEARCH("sale",N27)),"coupon_only","other")),"other"))
A28: 8/14/2026 11:18:58 | B28: Yes, continue | C28: Yes | D28: Woman | E28: 24–32 | F28: Bengaluru | G28: 41–80 | H28: Yes | I28: About weekly | J28: I meant to buy it soon | K28: Yes | L28: I’m worried about returns, exchange-only, or a seal tag | M28: Whether I can return or exchange it, Whether the next size exists, Fit on my body / height | N28: Return / seal-tag / exchange-only written as a sentence on the card, A kept-vs-returned story from people my size and height, on the wishlist card, A coupon or sale | O28: Return policy in words, not an icon, Whether Try and Buy exists on this SKU, How this sat on someone near my height | P28: No | Q28: WhatsApp / send photos to friends or family, YouTube haul / try-on, Instagram, I just wait and never decide | R28: Only buy brands I have kept before, Read 50+ reviews on the product page, Ask a friend their size in that brand, Order two sizes, Wait for a sale so a failed return hurts less, Don’t buy — leave it wishlisted | S28: Yes | T28: 4 | U28: 5 | V28: 3 | W28: 2 | X28: 2 | Y28: A shopping list I intend to buy from | Z28: Under 5'2" | AA28: M | AB28: No — ethnic runs different | AC28: Mostly workwear | AD28: Policy is an icon. Icons are how I got surprised last time. | AE28: =IF(C28="","",IF(AND(D28="Woman",E28="24–32",OR(F28="Bengaluru",F28="Hyderabad",F28="Delhi",F28="Gurugram",F28="Noida",F28="Coimbatore"),OR(G28="15–40",G28="41–80",G28="81+"),H28="Yes",OR(I28="Most days",I28="About weekly")),"YES","NO")) | AF28: =IF(L28="","",IF(ISNUMBER(SEARCH("fit",L28)),"fit",IF(ISNUMBER(SEARCH("return",L28))+ISNUMBER(SEARCH("seal",L28)),"return",IF(ISNUMBER(SEARCH("chart",L28)),"chart",IF(ISNUMBER(SEARCH("choose",L28)),"compare",IF(ISNUMBER(SEARCH("sale",L28)),"sale",IF(ISNUMBER(SEARCH("never",L28)),"bookmark",IF(ISNUMBER(SEARCH("mess",L28)),"clutter",IF(ISNUMBER(SEARCH("wear it",L28)),"occasion",IF(ISNUMBER(SEARCH("quality",L28)),"quality","other")))))))))) | AG28: =IF(Q28="","",IF(OR(ISNUMBER(SEARCH("WhatsApp",Q28)),ISNUMBER(SEARCH("YouTube",Q28)),ISNUMBER(SEARCH("Instagram",Q28)),ISNUMBER(SEARCH("Google",Q28)),ISNUMBER(SEARCH("store",Q28)),ISNUMBER(SEARCH("two sizes",Q28))),"off_app","in_app")) | AH28: =IF(N28="","",IF(ISNUMBER(SEARCH("coupon",N28))+ISNUMBER(SEARCH("sale",N28))+ISNUMBER(SEARCH("kept-vs-returned",N28))+ISNUMBER(SEARCH("sentence",N28))+ISNUMBER(SEARCH("stays with",N28))+ISNUMBER(SEARCH("side-by-side",N28)),IF(ISNUMBER(SEARCH("kept-vs-returned",N28))+ISNUMBER(SEARCH("sentence",N28))+ISNUMBER(SEARCH("stays with",N28))+ISNUMBER(SEARCH("side-by-side",N28)),"legal_present",IF(ISNUMBER(SEARCH("coupon",N28))+ISNUMBER(SEARCH("sale",N28)),"coupon_only","other")),"other"))
A29: 8/14/2026 12:41:52 | B29: Yes, continue | C29: Yes | D29: Woman | E29: 24–32 | F29: Noida | G29: 15–40 | H29: Yes | I29: Most days | J29: To compare with other pieces I saved | K29: Maybe | L29: I can’t choose between a few similar things I saved | M29: Fit on my body / height, Occasion / office-appropriateness | N29: A side-by-side of the other pieces I saved, on fit — not on discount %, A kept-vs-returned story from people my size and height, on the wishlist card, A suggested size that stays with the saved item (not only on the product page) | O29: How this sat on someone near my height, Return policy in words, not an icon | P29: Yes — I will buy one of them | Q29: WhatsApp / send photos to friends or family, YouTube haul / try-on, Instagram | R29: Only buy brands I have kept before, Read 50+ reviews on the product page, Ask a friend their size in that brand | S29: Yes | T29: 3 | U29: 3 | V29: 2 | W29: 2 | X29: 2 | Y29: A mix | Z29: 5'2"–5'5" | AA29: M | AB29: No — ethnic runs different | AC29: Mostly occasion / ethnic | AD29: Three office shirts saved. I will buy one. I cannot pick. | AE29: =IF(C29="","",IF(AND(D29="Woman",E29="24–32",OR(F29="Bengaluru",F29="Hyderabad",F29="Delhi",F29="Gurugram",F29="Noida",F29="Coimbatore"),OR(G29="15–40",G29="41–80",G29="81+"),H29="Yes",OR(I29="Most days",I29="About weekly")),"YES","NO")) | AF29: =IF(L29="","",IF(ISNUMBER(SEARCH("fit",L29)),"fit",IF(ISNUMBER(SEARCH("return",L29))+ISNUMBER(SEARCH("seal",L29)),"return",IF(ISNUMBER(SEARCH("chart",L29)),"chart",IF(ISNUMBER(SEARCH("choose",L29)),"compare",IF(ISNUMBER(SEARCH("sale",L29)),"sale",IF(ISNUMBER(SEARCH("never",L29)),"bookmark",IF(ISNUMBER(SEARCH("mess",L29)),"clutter",IF(ISNUMBER(SEARCH("wear it",L29)),"occasion",IF(ISNUMBER(SEARCH("quality",L29)),"quality","other")))))))))) | AG29: =IF(Q29="","",IF(OR(ISNUMBER(SEARCH("WhatsApp",Q29)),ISNUMBER(SEARCH("YouTube",Q29)),ISNUMBER(SEARCH("Instagram",Q29)),ISNUMBER(SEARCH("Google",Q29)),ISNUMBER(SEARCH("store",Q29)),ISNUMBER(SEARCH("two sizes",Q29))),"off_app","in_app")) | AH29: =IF(N29="","",IF(ISNUMBER(SEARCH("coupon",N29))+ISNUMBER(SEARCH("sale",N29))+ISNUMBER(SEARCH("kept-vs-returned",N29))+ISNUMBER(SEARCH("sentence",N29))+ISNUMBER(SEARCH("stays with",N29))+ISNUMBER(SEARCH("side-by-side",N29)),IF(ISNUMBER(SEARCH("kept-vs-returned",N29))+ISNUMBER(SEARCH("sentence",N29))+ISNUMBER(SEARCH("stays with",N29))+ISNUMBER(SEARCH("side-by-side",N29)),"legal_present",IF(ISNUMBER(SEARCH("coupon",N29))+ISNUMBER(SEARCH("sale",N29)),"coupon_only","other")),"other"))
A30: 8/14/2026 23:15:25 | B30: Yes, continue | C30: Yes | D30: Woman | E30: 24–32 | F30: Coimbatore | G30: 15–40 | H30: Yes | I30: About weekly | J30: I meant to buy it soon | K30: Yes | L30: I’m worried about returns, exchange-only, or a seal tag | M30: Whether I can return or exchange it, Whether the next size exists, Fit on my body / height | N30: Return / seal-tag / exchange-only written as a sentence on the card, A kept-vs-returned story from people my size and height, on the wishlist card | O30: Return policy in words, not an icon, Whether Try and Buy exists on this SKU, How this sat on someone near my height | P30: Yes — but I may buy none | Q30: WhatsApp / send photos to friends or family, YouTube haul / try-on, Visit a store to touch fabric or try a similar cut, I just wait and never decide | R30: Only buy brands I have kept before, Read 50+ reviews on the product page, Ask a friend their size in that brand, Wait for a sale so a failed return hurts less | S30: Not sure | T30: 4 | U30: 5 | V30: 3 | W30: 2 | X30: 4 | Y30: A shopping list I intend to buy from | Z30: Above 5'8" | AA30: L | AB30: I don’t buy ethnic on Myntra | AC30: Mix of workwear and occasion | AD30: I have the money. I don’t have another Sunday for a reverse pickup. | AE30: =IF(C30="","",IF(AND(D30="Woman",E30="24–32",OR(F30="Bengaluru",F30="Hyderabad",F30="Delhi",F30="Gurugram",F30="Noida",F30="Coimbatore"),OR(G30="15–40",G30="41–80",G30="81+"),H30="Yes",OR(I30="Most days",I30="About weekly")),"YES","NO")) | AF30: =IF(L30="","",IF(ISNUMBER(SEARCH("fit",L30)),"fit",IF(ISNUMBER(SEARCH("return",L30))+ISNUMBER(SEARCH("seal",L30)),"return",IF(ISNUMBER(SEARCH("chart",L30)),"chart",IF(ISNUMBER(SEARCH("choose",L30)),"compare",IF(ISNUMBER(SEARCH("sale",L30)),"sale",IF(ISNUMBER(SEARCH("never",L30)),"bookmark",IF(ISNUMBER(SEARCH("mess",L30)),"clutter",IF(ISNUMBER(SEARCH("wear it",L30)),"occasion",IF(ISNUMBER(SEARCH("quality",L30)),"quality","other")))))))))) | AG30: =IF(Q30="","",IF(OR(ISNUMBER(SEARCH("WhatsApp",Q30)),ISNUMBER(SEARCH("YouTube",Q30)),ISNUMBER(SEARCH("Instagram",Q30)),ISNUMBER(SEARCH("Google",Q30)),ISNUMBER(SEARCH("store",Q30)),ISNUMBER(SEARCH("two sizes",Q30))),"off_app","in_app")) | AH30: =IF(N30="","",IF(ISNUMBER(SEARCH("coupon",N30))+ISNUMBER(SEARCH("sale",N30))+ISNUMBER(SEARCH("kept-vs-returned",N30))+ISNUMBER(SEARCH("sentence",N30))+ISNUMBER(SEARCH("stays with",N30))+ISNUMBER(SEARCH("side-by-side",N30)),IF(ISNUMBER(SEARCH("kept-vs-returned",N30))+ISNUMBER(SEARCH("sentence",N30))+ISNUMBER(SEARCH("stays with",N30))+ISNUMBER(SEARCH("side-by-side",N30)),"legal_present",IF(ISNUMBER(SEARCH("coupon",N30))+ISNUMBER(SEARCH("sale",N30)),"coupon_only","other")),"other"))
A31: 8/15/2026 0:25:39 | B31: Yes, continue | C31: Yes | D31: Woman | E31: 24–32 | F31: Bengaluru | G31: 15–40 | H31: Yes | I31: Most days | J31: I meant to buy it soon | K31: Yes | L31: I don’t know if it will fit me / this brand’s cut | M31: Fit on my body / height, Which size to pick | N31: A kept-vs-returned story from people my size and height, on the wishlist card, A suggested size that stays with the saved item (not only on the product page) | O31: How this sat on someone near my height, Whether people who wear my usual size kept it, Length / crop / rise for my height | P31: No | Q31: WhatsApp / send photos to friends or family, YouTube haul / try-on | R31: Only buy brands I have kept before, Read 50+ reviews on the product page, Ask a friend their size in that brand | S31: Yes | T31: 5 | U31: 3 | V31: 2 | W31: 2 | X31: 4 | Y31: A shopping list I intend to buy from | Z31: Under 5'2" | AA31: L | AB31: Yes, same letter | AC31: Mix of workwear and occasion | AD31: If I could see kept vs returned for my size on the card I would check out this week. | AE31: =IF(C31="","",IF(AND(D31="Woman",E31="24–32",OR(F31="Bengaluru",F31="Hyderabad",F31="Delhi",F31="Gurugram",F31="Noida",F31="Coimbatore"),OR(G31="15–40",G31="41–80",G31="81+"),H31="Yes",OR(I31="Most days",I31="About weekly")),"YES","NO")) | AF31: =IF(L31="","",IF(ISNUMBER(SEARCH("fit",L31)),"fit",IF(ISNUMBER(SEARCH("return",L31))+ISNUMBER(SEARCH("seal",L31)),"return",IF(ISNUMBER(SEARCH("chart",L31)),"chart",IF(ISNUMBER(SEARCH("choose",L31)),"compare",IF(ISNUMBER(SEARCH("sale",L31)),"sale",IF(ISNUMBER(SEARCH("never",L31)),"bookmark",IF(ISNUMBER(SEARCH("mess",L31)),"clutter",IF(ISNUMBER(SEARCH("wear it",L31)),"occasion",IF(ISNUMBER(SEARCH("quality",L31)),"quality","other")))))))))) | AG31: =IF(Q31="","",IF(OR(ISNUMBER(SEARCH("WhatsApp",Q31)),ISNUMBER(SEARCH("YouTube",Q31)),ISNUMBER(SEARCH("Instagram",Q31)),ISNUMBER(SEARCH("Google",Q31)),ISNUMBER(SEARCH("store",Q31)),ISNUMBER(SEARCH("two sizes",Q31))),"off_app","in_app")) | AH31: =IF(N31="","",IF(ISNUMBER(SEARCH("coupon",N31))+ISNUMBER(SEARCH("sale",N31))+ISNUMBER(SEARCH("kept-vs-returned",N31))+ISNUMBER(SEARCH("sentence",N31))+ISNUMBER(SEARCH("stays with",N31))+ISNUMBER(SEARCH("side-by-side",N31)),IF(ISNUMBER(SEARCH("kept-vs-returned",N31))+ISNUMBER(SEARCH("sentence",N31))+ISNUMBER(SEARCH("stays with",N31))+ISNUMBER(SEARCH("side-by-side",N31)),"legal_present",IF(ISNUMBER(SEARCH("coupon",N31))+ISNUMBER(SEARCH("sale",N31)),"coupon_only","other")),"other"))
A32: 8/15/2026 1:01:55 | B32: Yes, continue | C32: Yes | D32: Woman | E32: 24–32 | F32: Gurugram | G32: 15–40 | H32: No | I32: Most days | J32: Waiting for a sale or price drop | K32: Maybe | L32: I’m waiting for a sale or discount | M32: Price, Whether I can return or exchange it | N32: A coupon or sale, A kept-vs-returned story from people my size and height, on the wishlist card, A suggested size that stays with the saved item (not only on the product page) | O32: How this sat on someone near my height, Return policy in words, not an icon | P32: Yes — but I may buy none | Q32: WhatsApp / send photos to friends or family, YouTube haul / try-on, Visit a store to touch fabric or try a similar cut | R32: Only buy brands I have kept before, Read 50+ reviews on the product page, Ask a friend their size in that brand, Wait for a sale so a failed return hurts less, Don’t buy — leave it wishlisted | S32: Not sure | T32: 3 | U32: 4 | V32: 5 | W32: 2 | X32: 2 | Y32: A mix | Z32: 5'2"–5'5" | AA32: S | AB32: I don’t buy ethnic on Myntra | AC32: Mix of workwear and occasion | AD32: I’ll pay full price if I’m sure. Sale is how I cope with risk, not greed. | AE32: =IF(C32="","",IF(AND(D32="Woman",E32="24–32",OR(F32="Bengaluru",F32="Hyderabad",F32="Delhi",F32="Gurugram",F32="Noida",F32="Coimbatore"),OR(G32="15–40",G32="41–80",G32="81+"),H32="Yes",OR(I32="Most days",I32="About weekly")),"YES","NO")) | AF32: =IF(L32="","",IF(ISNUMBER(SEARCH("fit",L32)),"fit",IF(ISNUMBER(SEARCH("return",L32))+ISNUMBER(SEARCH("seal",L32)),"return",IF(ISNUMBER(SEARCH("chart",L32)),"chart",IF(ISNUMBER(SEARCH("choose",L32)),"compare",IF(ISNUMBER(SEARCH("sale",L32)),"sale",IF(ISNUMBER(SEARCH("never",L32)),"bookmark",IF(ISNUMBER(SEARCH("mess",L32)),"clutter",IF(ISNUMBER(SEARCH("wear it",L32)),"occasion",IF(ISNUMBER(SEARCH("quality",L32)),"quality","other")))))))))) | AG32: =IF(Q32="","",IF(OR(ISNUMBER(SEARCH("WhatsApp",Q32)),ISNUMBER(SEARCH("YouTube",Q32)),ISNUMBER(SEARCH("Instagram",Q32)),ISNUMBER(SEARCH("Google",Q32)),ISNUMBER(SEARCH("store",Q32)),ISNUMBER(SEARCH("two sizes",Q32))),"off_app","in_app")) | AH32: =IF(N32="","",IF(ISNUMBER(SEARCH("coupon",N32))+ISNUMBER(SEARCH("sale",N32))+ISNUMBER(SEARCH("kept-vs-returned",N32))+ISNUMBER(SEARCH("sentence",N32))+ISNUMBER(SEARCH("stays with",N32))+ISNUMBER(SEARCH("side-by-side",N32)),IF(ISNUMBER(SEARCH("kept-vs-returned",N32))+ISNUMBER(SEARCH("sentence",N32))+ISNUMBER(SEARCH("stays with",N32))+ISNUMBER(SEARCH("side-by-side",N32)),"legal_present",IF(ISNUMBER(SEARCH("coupon",N32))+ISNUMBER(SEARCH("sale",N32)),"coupon_only","other")),"other"))
A33: 8/15/2026 1:59:35 | B33: Yes, continue | C33: Yes | D33: Woman | E33: 24–32 | F33: Coimbatore | G33: 15–40 | H33: Yes | I33: Most days | J33: To compare with other pieces I saved | K33: Maybe | L33: I can’t choose between a few similar things I saved | M33: Fit on my body / height, Occasion / office-appropriateness | N33: A side-by-side of the other pieces I saved, on fit — not on discount %, A kept-vs-returned story from people my size and height, on the wishlist card, A suggested size that stays with the saved item (not only on the product page) | O33: How this sat on someone near my height, Return policy in words, not an icon | P33: Yes — I will buy one of them | Q33: WhatsApp / send photos to friends or family, YouTube haul / try-on, Google size charts or reviews | R33: Only buy brands I have kept before, Read 50+ reviews on the product page, Ask a friend their size in that brand, Don’t buy — leave it wishlisted | S33: Yes | T33: 3 | U33: 3 | V33: 2 | W33: 2 | X33: 4 | Y33: A mix | Z33: 5'2"–5'5" | AA33: XS | AB33: Yes, same letter | AC33: Mix of workwear and occasion | AD33: Three office shirts saved. I will buy one. I cannot pick. | AE33: =IF(C33="","",IF(AND(D33="Woman",E33="24–32",OR(F33="Bengaluru",F33="Hyderabad",F33="Delhi",F33="Gurugram",F33="Noida",F33="Coimbatore"),OR(G33="15–40",G33="41–80",G33="81+"),H33="Yes",OR(I33="Most days",I33="About weekly")),"YES","NO")) | AF33: =IF(L33="","",IF(ISNUMBER(SEARCH("fit",L33)),"fit",IF(ISNUMBER(SEARCH("return",L33))+ISNUMBER(SEARCH("seal",L33)),"return",IF(ISNUMBER(SEARCH("chart",L33)),"chart",IF(ISNUMBER(SEARCH("choose",L33)),"compare",IF(ISNUMBER(SEARCH("sale",L33)),"sale",IF(ISNUMBER(SEARCH("never",L33)),"bookmark",IF(ISNUMBER(SEARCH("mess",L33)),"clutter",IF(ISNUMBER(SEARCH("wear it",L33)),"occasion",IF(ISNUMBER(SEARCH("quality",L33)),"quality","other")))))))))) | AG33: =IF(Q33="","",IF(OR(ISNUMBER(SEARCH("WhatsApp",Q33)),ISNUMBER(SEARCH("YouTube",Q33)),ISNUMBER(SEARCH("Instagram",Q33)),ISNUMBER(SEARCH("Google",Q33)),ISNUMBER(SEARCH("store",Q33)),ISNUMBER(SEARCH("two sizes",Q33))),"off_app","in_app")) | AH33: =IF(N33="","",IF(ISNUMBER(SEARCH("coupon",N33))+ISNUMBER(SEARCH("sale",N33))+ISNUMBER(SEARCH("kept-vs-returned",N33))+ISNUMBER(SEARCH("sentence",N33))+ISNUMBER(SEARCH("stays with",N33))+ISNUMBER(SEARCH("side-by-side",N33)),IF(ISNUMBER(SEARCH("kept-vs-returned",N33))+ISNUMBER(SEARCH("sentence",N33))+ISNUMBER(SEARCH("stays with",N33))+ISNUMBER(SEARCH("side-by-side",N33)),"legal_present",IF(ISNUMBER(SEARCH("coupon",N33))+ISNUMBER(SEARCH("sale",N33)),"coupon_only","other")),"other"))
A34: 8/15/2026 8:58:53 | B34: Yes, continue | C34: Yes | D34: Woman | E34: 24–32 | F34: Delhi | G34: 15–40 | H34: Yes | I34: Most days | J34: Waiting for a sale or price drop | K34: Yes | L34: I’m waiting for a sale or discount | M34: Price, Whether I can return or exchange it | N34: A coupon or sale, Return / seal-tag / exchange-only written as a sentence on the card, A kept-vs-returned story from people my size and height, on the wishlist card | O34: How this sat on someone near my height, Return policy in words, not an icon | P34: Yes — but I may buy none | Q34: WhatsApp / send photos to friends or family, YouTube haul / try-on, Instagram | R34: Only buy brands I have kept before, Read 50+ reviews on the product page, Ask a friend their size in that brand, Wait for a sale so a failed return hurts less, Don’t buy — leave it wishlisted | S34: No | T34: 3 | U34: 4 | V34: 5 | W34: 2 | X34: 4 | Y34: A shopping list I intend to buy from | Z34: 5'2"–5'5" | AA34: S | AB34: Yes, same letter | AC34: Mostly occasion / ethnic | AD34: Salary week I browse. I still don’t bag if fit is a coin flip, even on sale. | AE34: =IF(C34="","",IF(AND(D34="Woman",E34="24–32",OR(F34="Bengaluru",F34="Hyderabad",F34="Delhi",F34="Gurugram",F34="Noida",F34="Coimbatore"),OR(G34="15–40",G34="41–80",G34="81+"),H34="Yes",OR(I34="Most days",I34="About weekly")),"YES","NO")) | AF34: =IF(L34="","",IF(ISNUMBER(SEARCH("fit",L34)),"fit",IF(ISNUMBER(SEARCH("return",L34))+ISNUMBER(SEARCH("seal",L34)),"return",IF(ISNUMBER(SEARCH("chart",L34)),"chart",IF(ISNUMBER(SEARCH("choose",L34)),"compare",IF(ISNUMBER(SEARCH("sale",L34)),"sale",IF(ISNUMBER(SEARCH("never",L34)),"bookmark",IF(ISNUMBER(SEARCH("mess",L34)),"clutter",IF(ISNUMBER(SEARCH("wear it",L34)),"occasion",IF(ISNUMBER(SEARCH("quality",L34)),"quality","other")))))))))) | AG34: =IF(Q34="","",IF(OR(ISNUMBER(SEARCH("WhatsApp",Q34)),ISNUMBER(SEARCH("YouTube",Q34)),ISNUMBER(SEARCH("Instagram",Q34)),ISNUMBER(SEARCH("Google",Q34)),ISNUMBER(SEARCH("store",Q34)),ISNUMBER(SEARCH("two sizes",Q34))),"off_app","in_app")) | AH34: =IF(N34="","",IF(ISNUMBER(SEARCH("coupon",N34))+ISNUMBER(SEARCH("sale",N34))+ISNUMBER(SEARCH("kept-vs-returned",N34))+ISNUMBER(SEARCH("sentence",N34))+ISNUMBER(SEARCH("stays with",N34))+ISNUMBER(SEARCH("side-by-side",N34)),IF(ISNUMBER(SEARCH("kept-vs-returned",N34))+ISNUMBER(SEARCH("sentence",N34))+ISNUMBER(SEARCH("stays with",N34))+ISNUMBER(SEARCH("side-by-side",N34)),"legal_present",IF(ISNUMBER(SEARCH("coupon",N34))+ISNUMBER(SEARCH("sale",N34)),"coupon_only","other")),"other"))
A35: 8/15/2026 9:15:41 | B35: Yes, continue | C35: Yes | D35: Woman | E35: 24–32 | F35: Noida | G35: 1–14 | H35: Yes | I35: About weekly | J35: To compare with other pieces I saved | K35: Maybe | L35: I can’t choose between a few similar things I saved | M35: Fit on my body / height, Occasion / office-appropriateness | N35: A side-by-side of the other pieces I saved, on fit — not on discount %, A kept-vs-returned story from people my size and height, on the wishlist card, A suggested size that stays with the saved item (not only on the product page) | O35: How this sat on someone near my height, Return policy in words, not an icon | P35: Yes — I will buy one of them | Q35: WhatsApp / send photos to friends or family, YouTube haul / try-on | R35: Only buy brands I have kept before, Read 50+ reviews on the product page | S35: No | T35: 3 | U35: 3 | V35: 2 | W35: 2 | X35: 4 | Y35: A mix | Z35: Under 5'2" | AA35: M | AB35: Yes, same letter | AC35: Mostly workwear | AE35: =IF(C35="","",IF(AND(D35="Woman",E35="24–32",OR(F35="Bengaluru",F35="Hyderabad",F35="Delhi",F35="Gurugram",F35="Noida",F35="Coimbatore"),OR(G35="15–40",G35="41–80",G35="81+"),H35="Yes",OR(I35="Most days",I35="About weekly")),"YES","NO")) | AF35: =IF(L35="","",IF(ISNUMBER(SEARCH("fit",L35)),"fit",IF(ISNUMBER(SEARCH("return",L35))+ISNUMBER(SEARCH("seal",L35)),"return",IF(ISNUMBER(SEARCH("chart",L35)),"chart",IF(ISNUMBER(SEARCH("choose",L35)),"compare",IF(ISNUMBER(SEARCH("sale",L35)),"sale",IF(ISNUMBER(SEARCH("never",L35)),"bookmark",IF(ISNUMBER(SEARCH("mess",L35)),"clutter",IF(ISNUMBER(SEARCH("wear it",L35)),"occasion",IF(ISNUMBER(SEARCH("quality",L35)),"quality","other")))))))))) | AG35: =IF(Q35="","",IF(OR(ISNUMBER(SEARCH("WhatsApp",Q35)),ISNUMBER(SEARCH("YouTube",Q35)),ISNUMBER(SEARCH("Instagram",Q35)),ISNUMBER(SEARCH("Google",Q35)),ISNUMBER(SEARCH("store",Q35)),ISNUMBER(SEARCH("two sizes",Q35))),"off_app","in_app")) | AH35: =IF(N35="","",IF(ISNUMBER(SEARCH("coupon",N35))+ISNUMBER(SEARCH("sale",N35))+ISNUMBER(SEARCH("kept-vs-returned",N35))+ISNUMBER(SEARCH("sentence",N35))+ISNUMBER(SEARCH("stays with",N35))+ISNUMBER(SEARCH("side-by-side",N35)),IF(ISNUMBER(SEARCH("kept-vs-returned",N35))+ISNUMBER(SEARCH("sentence",N35))+ISNUMBER(SEARCH("stays with",N35))+ISNUMBER(SEARCH("side-by-side",N35)),"legal_present",IF(ISNUMBER(SEARCH("coupon",N35))+ISNUMBER(SEARCH("sale",N35)),"coupon_only","other")),"other"))
A36: 8/15/2026 11:06:02 | B36: Yes, continue | C36: Yes | D36: Woman | E36: 24–32 | F36: Gurugram | G36: 15–40 | H36: Yes | I36: Most days | J36: I meant to buy it soon | K36: Yes | L36: I don’t know if it will fit me / this brand’s cut | M36: Fit on my body / height, Which size to pick, Whether I can return or exchange it | N36: A kept-vs-returned story from people my size and height, on the wishlist card, A suggested size that stays with the saved item (not only on the product page) | O36: How this sat on someone near my height, Whether people who wear my usual size kept it, Length / crop / rise for my height, Ethnic size vs my top size, labelled separately | P36: No | Q36: WhatsApp / send photos to friends or family, YouTube haul / try-on, Instagram | R36: Only buy brands I have kept before, Read 50+ reviews on the product page, Ask a friend their size in that brand, Order two sizes, Don’t buy — leave it wishlisted | S36: Yes | T36: 5 | U36: 3 | V36: 2 | W36: 2 | X36: 2 | Y36: A shopping list I intend to buy from | Z36: Under 5'2" | AA36: S | AB36: I don’t buy ethnic on Myntra | AC36: Mix of workwear and occasion | AD36: H&M M is not this brand’s M. I will not bag until someone my height kept it. | AE36: =IF(C36="","",IF(AND(D36="Woman",E36="24–32",OR(F36="Bengaluru",F36="Hyderabad",F36="Delhi",F36="Gurugram",F36="Noida",F36="Coimbatore"),OR(G36="15–40",G36="41–80",G36="81+"),H36="Yes",OR(I36="Most days",I36="About weekly")),"YES","NO")) | AF36: =IF(L36="","",IF(ISNUMBER(SEARCH("fit",L36)),"fit",IF(ISNUMBER(SEARCH("return",L36))+ISNUMBER(SEARCH("seal",L36)),"return",IF(ISNUMBER(SEARCH("chart",L36)),"chart",IF(ISNUMBER(SEARCH("choose",L36)),"compare",IF(ISNUMBER(SEARCH("sale",L36)),"sale",IF(ISNUMBER(SEARCH("never",L36)),"bookmark",IF(ISNUMBER(SEARCH("mess",L36)),"clutter",IF(ISNUMBER(SEARCH("wear it",L36)),"occasion",IF(ISNUMBER(SEARCH("quality",L36)),"quality","other")))))))))) | AG36: =IF(Q36="","",IF(OR(ISNUMBER(SEARCH("WhatsApp",Q36)),ISNUMBER(SEARCH("YouTube",Q36)),ISNUMBER(SEARCH("Instagram",Q36)),ISNUMBER(SEARCH("Google",Q36)),ISNUMBER(SEARCH("store",Q36)),ISNUMBER(SEARCH("two sizes",Q36))),"off_app","in_app")) | AH36: =IF(N36="","",IF(ISNUMBER(SEARCH("coupon",N36))+ISNUMBER(SEARCH("sale",N36))+ISNUMBER(SEARCH("kept-vs-returned",N36))+ISNUMBER(SEARCH("sentence",N36))+ISNUMBER(SEARCH("stays with",N36))+ISNUMBER(SEARCH("side-by-side",N36)),IF(ISNUMBER(SEARCH("kept-vs-returned",N36))+ISNUMBER(SEARCH("sentence",N36))+ISNUMBER(SEARCH("stays with",N36))+ISNUMBER(SEARCH("side-by-side",N36)),"legal_present",IF(ISNUMBER(SEARCH("coupon",N36))+ISNUMBER(SEARCH("sale",N36)),"coupon_only","other")),"other"))
A37: 8/15/2026 13:07:57 | B37: Yes, continue | C37: Yes | D37: Woman | E37: 24–32 | F37: Hyderabad | G37: 41–80 | H37: Yes | I37: About weekly | J37: I meant to buy it soon | K37: Yes | L37: I don’t know if it will fit me / this brand’s cut | M37: Fit on my body / height, Which size to pick, Whether I can return or exchange it | N37: A kept-vs-returned story from people my size and height, on the wishlist card, A suggested size that stays with the saved item (not only on the product page), Return / seal-tag / exchange-only written as a sentence on the card | O37: How this sat on someone near my height, Whether people who wear my usual size kept it, Length / crop / rise for my height | P37: No | Q37: WhatsApp / send photos to friends or family, YouTube haul / try-on | R37: Only buy brands I have kept before, Read 50+ reviews on the product page, Don’t buy — leave it wishlisted | S37: Yes | T37: 5 | U37: 3 | V37: 2 | W37: 2 | X37: 2 | Y37: A shopping list I intend to buy from | Z37: 5'2"–5'5" | AA37: XS | AB37: No — ethnic runs different | AC37: Mix of workwear and occasion | AD37: I liked it in ten seconds. Deciding size has taken two weeks. | AE37: =IF(C37="","",IF(AND(D37="Woman",E37="24–32",OR(F37="Bengaluru",F37="Hyderabad",F37="Delhi",F37="Gurugram",F37="Noida",F37="Coimbatore"),OR(G37="15–40",G37="41–80",G37="81+"),H37="Yes",OR(I37="Most days",I37="About weekly")),"YES","NO")) | AF37: =IF(L37="","",IF(ISNUMBER(SEARCH("fit",L37)),"fit",IF(ISNUMBER(SEARCH("return",L37))+ISNUMBER(SEARCH("seal",L37)),"return",IF(ISNUMBER(SEARCH("chart",L37)),"chart",IF(ISNUMBER(SEARCH("choose",L37)),"compare",IF(ISNUMBER(SEARCH("sale",L37)),"sale",IF(ISNUMBER(SEARCH("never",L37)),"bookmark",IF(ISNUMBER(SEARCH("mess",L37)),"clutter",IF(ISNUMBER(SEARCH("wear it",L37)),"occasion",IF(ISNUMBER(SEARCH("quality",L37)),"quality","other")))))))))) | AG37: =IF(Q37="","",IF(OR(ISNUMBER(SEARCH("WhatsApp",Q37)),ISNUMBER(SEARCH("YouTube",Q37)),ISNUMBER(SEARCH("Instagram",Q37)),ISNUMBER(SEARCH("Google",Q37)),ISNUMBER(SEARCH("store",Q37)),ISNUMBER(SEARCH("two sizes",Q37))),"off_app","in_app")) | AH37: =IF(N37="","",IF(ISNUMBER(SEARCH("coupon",N37))+ISNUMBER(SEARCH("sale",N37))+ISNUMBER(SEARCH("kept-vs-returned",N37))+ISNUMBER(SEARCH("sentence",N37))+ISNUMBER(SEARCH("stays with",N37))+ISNUMBER(SEARCH("side-by-side",N37)),IF(ISNUMBER(SEARCH("kept-vs-returned",N37))+ISNUMBER(SEARCH("sentence",N37))+ISNUMBER(SEARCH("stays with",N37))+ISNUMBER(SEARCH("side-by-side",N37)),"legal_present",IF(ISNUMBER(SEARCH("coupon",N37))+ISNUMBER(SEARCH("sale",N37)),"coupon_only","other")),"other"))
A38: 8/15/2026 15:38:46 | B38: Yes, continue | C38: Yes | D38: Woman | E38: 24–32 | F38: Gurugram | G38: 15–40 | H38: Yes | I38: Most days | J38: I meant to buy it soon | K38: Yes | L38: I don’t know if it will fit me / this brand’s cut | M38: Fit on my body / height, Which size to pick | N38: A kept-vs-returned story from people my size and height, on the wishlist card, A suggested size that stays with the saved item (not only on the product page), A friend telling me to buy it | O38: How this sat on someone near my height, Whether people who wear my usual size kept it, Length / crop / rise for my height | P38: Yes — but I may buy none | Q38: WhatsApp / send photos to friends or family, YouTube haul / try-on, Instagram | R38: Only buy brands I have kept before, Read 50+ reviews on the product page, Don’t buy — leave it wishlisted | S38: Yes | T38: 5 | U38: 3 | V38: 2 | W38: 2 | X38: 2 | Y38: A shopping list I intend to buy from | Z38: 5'5"–5'8" | AA38: M | AB38: Yes, same letter | AC38: Mix of workwear and occasion | AD38: Between M and L. I postpone until I feel sure. I never feel sure. | AE38: =IF(C38="","",IF(AND(D38="Woman",E38="24–32",OR(F38="Bengaluru",F38="Hyderabad",F38="Delhi",F38="Gurugram",F38="Noida",F38="Coimbatore"),OR(G38="15–40",G38="41–80",G38="81+"),H38="Yes",OR(I38="Most days",I38="About weekly")),"YES","NO")) | AF38: =IF(L38="","",IF(ISNUMBER(SEARCH("fit",L38)),"fit",IF(ISNUMBER(SEARCH("return",L38))+ISNUMBER(SEARCH("seal",L38)),"return",IF(ISNUMBER(SEARCH("chart",L38)),"chart",IF(ISNUMBER(SEARCH("choose",L38)),"compare",IF(ISNUMBER(SEARCH("sale",L38)),"sale",IF(ISNUMBER(SEARCH("never",L38)),"bookmark",IF(ISNUMBER(SEARCH("mess",L38)),"clutter",IF(ISNUMBER(SEARCH("wear it",L38)),"occasion",IF(ISNUMBER(SEARCH("quality",L38)),"quality","other")))))))))) | AG38: =IF(Q38="","",IF(OR(ISNUMBER(SEARCH("WhatsApp",Q38)),ISNUMBER(SEARCH("YouTube",Q38)),ISNUMBER(SEARCH("Instagram",Q38)),ISNUMBER(SEARCH("Google",Q38)),ISNUMBER(SEARCH("store",Q38)),ISNUMBER(SEARCH("two sizes",Q38))),"off_app","in_app")) | AH38: =IF(N38="","",IF(ISNUMBER(SEARCH("coupon",N38))+ISNUMBER(SEARCH("sale",N38))+ISNUMBER(SEARCH("kept-vs-returned",N38))+ISNUMBER(SEARCH("sentence",N38))+ISNUMBER(SEARCH("stays with",N38))+ISNUMBER(SEARCH("side-by-side",N38)),IF(ISNUMBER(SEARCH("kept-vs-returned",N38))+ISNUMBER(SEARCH("sentence",N38))+ISNUMBER(SEARCH("stays with",N38))+ISNUMBER(SEARCH("side-by-side",N38)),"legal_present",IF(ISNUMBER(SEARCH("coupon",N38))+ISNUMBER(SEARCH("sale",N38)),"coupon_only","other")),"other"))
A39: 8/15/2026 17:18:48 | B39: Yes, continue | C39: Yes | D39: Woman | E39: 24–32 | F39: Bengaluru | G39: 41–80 | H39: Yes | I39: About weekly | J39: I meant to buy it soon | K39: Yes | L39: I’m worried about returns, exchange-only, or a seal tag | M39: Whether I can return or exchange it, Whether the next size exists, Fit on my body / height | N39: Return / seal-tag / exchange-only written as a sentence on the card, A kept-vs-returned story from people my size and height, on the wishlist card | O39: Return policy in words, not an icon, Whether Try and Buy exists on this SKU, How this sat on someone near my height | P39: Yes — but I may buy none | Q39: WhatsApp / send photos to friends or family, YouTube haul / try-on, Visit a store to touch fabric or try a similar cut, I just wait and never decide | R39: Only buy brands I have kept before, Read 50+ reviews on the product page, Wait for a sale so a failed return hurts less | S39: Not sure | T39: 4 | U39: 5 | V39: 3 | W39: 2 | X39: 2 | Y39: A shopping list I intend to buy from | Z39: 5'2"–5'5" | AA39: M | AB39: Yes, same letter | AC39: Mix of workwear and occasion | AE39: =IF(C39="","",IF(AND(D39="Woman",E39="24–32",OR(F39="Bengaluru",F39="Hyderabad",F39="Delhi",F39="Gurugram",F39="Noida",F39="Coimbatore"),OR(G39="15–40",G39="41–80",G39="81+"),H39="Yes",OR(I39="Most days",I39="About weekly")),"YES","NO")) | AF39: =IF(L39="","",IF(ISNUMBER(SEARCH("fit",L39)),"fit",IF(ISNUMBER(SEARCH("return",L39))+ISNUMBER(SEARCH("seal",L39)),"return",IF(ISNUMBER(SEARCH("chart",L39)),"chart",IF(ISNUMBER(SEARCH("choose",L39)),"compare",IF(ISNUMBER(SEARCH("sale",L39)),"sale",IF(ISNUMBER(SEARCH("never",L39)),"bookmark",IF(ISNUMBER(SEARCH("mess",L39)),"clutter",IF(ISNUMBER(SEARCH("wear it",L39)),"occasion",IF(ISNUMBER(SEARCH("quality",L39)),"quality","other")))))))))) | AG39: =IF(Q39="","",IF(OR(ISNUMBER(SEARCH("WhatsApp",Q39)),ISNUMBER(SEARCH("YouTube",Q39)),ISNUMBER(SEARCH("Instagram",Q39)),ISNUMBER(SEARCH("Google",Q39)),ISNUMBER(SEARCH("store",Q39)),ISNUMBER(SEARCH("two sizes",Q39))),"off_app","in_app")) | AH39: =IF(N39="","",IF(ISNUMBER(SEARCH("coupon",N39))+ISNUMBER(SEARCH("sale",N39))+ISNUMBER(SEARCH("kept-vs-returned",N39))+ISNUMBER(SEARCH("sentence",N39))+ISNUMBER(SEARCH("stays with",N39))+ISNUMBER(SEARCH("side-by-side",N39)),IF(ISNUMBER(SEARCH("kept-vs-returned",N39))+ISNUMBER(SEARCH("sentence",N39))+ISNUMBER(SEARCH("stays with",N39))+ISNUMBER(SEARCH("side-by-side",N39)),"legal_present",IF(ISNUMBER(SEARCH("coupon",N39))+ISNUMBER(SEARCH("sale",N39)),"coupon_only","other")),"other"))
A40: 8/15/2026 20:26:54 | B40: Yes, continue | C40: Yes | D40: Woman | E40: Under 24 | F40: Delhi | G40: 81+ | H40: Yes | I40: About weekly | J40: I just liked it — not sure I’ll buy | K40: No | L40: I was never really going to buy it | M40: Nothing — I was just bookmarking | N40: Nothing — I don’t intend to buy it | O40: I have everything I need | P40: No | Q40: YouTube haul / try-on | R40: Don’t buy — leave it wishlisted | S40: Not sure | T40: 2 | U40: 2 | V40: 2 | W40: 2 | X40: 3 | Y40: A moodboard / Pinterest | Z40: 5'2"–5'5" | AA40: L | AB40: No — ethnic runs different | AC40: Mostly workwear | AD40: Don’t convert my moodboard. Half of this list is pretty, not a cart. | AE40: =IF(C40="","",IF(AND(D40="Woman",E40="24–32",OR(F40="Bengaluru",F40="Hyderabad",F40="Delhi",F40="Gurugram",F40="Noida",F40="Coimbatore"),OR(G40="15–40",G40="41–80",G40="81+"),H40="Yes",OR(I40="Most days",I40="About weekly")),"YES","NO")) | AF40: =IF(L40="","",IF(ISNUMBER(SEARCH("fit",L40)),"fit",IF(ISNUMBER(SEARCH("return",L40))+ISNUMBER(SEARCH("seal",L40)),"return",IF(ISNUMBER(SEARCH("chart",L40)),"chart",IF(ISNUMBER(SEARCH("choose",L40)),"compare",IF(ISNUMBER(SEARCH("sale",L40)),"sale",IF(ISNUMBER(SEARCH("never",L40)),"bookmark",IF(ISNUMBER(SEARCH("mess",L40)),"clutter",IF(ISNUMBER(SEARCH("wear it",L40)),"occasion",IF(ISNUMBER(SEARCH("quality",L40)),"quality","other")))))))))) | AG40: =IF(Q40="","",IF(OR(ISNUMBER(SEARCH("WhatsApp",Q40)),ISNUMBER(SEARCH("YouTube",Q40)),ISNUMBER(SEARCH("Instagram",Q40)),ISNUMBER(SEARCH("Google",Q40)),ISNUMBER(SEARCH("store",Q40)),ISNUMBER(SEARCH("two sizes",Q40))),"off_app","in_app")) | AH40: =IF(N40="","",IF(ISNUMBER(SEARCH("coupon",N40))+ISNUMBER(SEARCH("sale",N40))+ISNUMBER(SEARCH("kept-vs-returned",N40))+ISNUMBER(SEARCH("sentence",N40))+ISNUMBER(SEARCH("stays with",N40))+ISNUMBER(SEARCH("side-by-side",N40)),IF(ISNUMBER(SEARCH("kept-vs-returned",N40))+ISNUMBER(SEARCH("sentence",N40))+ISNUMBER(SEARCH("stays with",N40))+ISNUMBER(SEARCH("side-by-side",N40)),"legal_present",IF(ISNUMBER(SEARCH("coupon",N40))+ISNUMBER(SEARCH("sale",N40)),"coupon_only","other")),"other"))
A41: 8/16/2026 2:01:52 | B41: Yes, continue | C41: Yes | D41: Woman | E41: 24–32 | F41: Hyderabad | G41: 15–40 | H41: Yes | I41: About weekly | J41: I meant to buy it soon | K41: Yes | L41: I don’t know if it will fit me / this brand’s cut | M41: Fit on my body / height, Which size to pick | N41: A kept-vs-returned story from people my size and height, on the wishlist card, A suggested size that stays with the saved item (not only on the product page), Return / seal-tag / exchange-only written as a sentence on the card, A friend telling me to buy it | O41: How this sat on someone near my height, Whether people who wear my usual size kept it, Length / crop / rise for my height, Ethnic size vs my top size, labelled separately | P41: No | Q41: WhatsApp / send photos to friends or family, YouTube haul / try-on | R41: Only buy brands I have kept before, Read 50+ reviews on the product page | S41: Yes | T41: 5 | U41: 3 | V41: 2 | W41: 2 | X41: 2 | Y41: A shopping list I intend to buy from | Z41: 5'2"–5'5" | AA41: XS | AB41: No — ethnic runs different | AC41: Mostly workwear | AD41: Cropped blazer. Shoulders. I still don’t know. So it sits. | AE41: =IF(C41="","",IF(AND(D41="Woman",E41="24–32",OR(F41="Bengaluru",F41="Hyderabad",F41="Delhi",F41="Gurugram",F41="Noida",F41="Coimbatore"),OR(G41="15–40",G41="41–80",G41="81+"),H41="Yes",OR(I41="Most days",I41="About weekly")),"YES","NO")) | AF41: =IF(L41="","",IF(ISNUMBER(SEARCH("fit",L41)),"fit",IF(ISNUMBER(SEARCH("return",L41))+ISNUMBER(SEARCH("seal",L41)),"return",IF(ISNUMBER(SEARCH("chart",L41)),"chart",IF(ISNUMBER(SEARCH("choose",L41)),"compare",IF(ISNUMBER(SEARCH("sale",L41)),"sale",IF(ISNUMBER(SEARCH("never",L41)),"bookmark",IF(ISNUMBER(SEARCH("mess",L41)),"clutter",IF(ISNUMBER(SEARCH("wear it",L41)),"occasion",IF(ISNUMBER(SEARCH("quality",L41)),"quality","other")))))))))) | AG41: =IF(Q41="","",IF(OR(ISNUMBER(SEARCH("WhatsApp",Q41)),ISNUMBER(SEARCH("YouTube",Q41)),ISNUMBER(SEARCH("Instagram",Q41)),ISNUMBER(SEARCH("Google",Q41)),ISNUMBER(SEARCH("store",Q41)),ISNUMBER(SEARCH("two sizes",Q41))),"off_app","in_app")) | AH41: =IF(N41="","",IF(ISNUMBER(SEARCH("coupon",N41))+ISNUMBER(SEARCH("sale",N41))+ISNUMBER(SEARCH("kept-vs-returned",N41))+ISNUMBER(SEARCH("sentence",N41))+ISNUMBER(SEARCH("stays with",N41))+ISNUMBER(SEARCH("side-by-side",N41)),IF(ISNUMBER(SEARCH("kept-vs-returned",N41))+ISNUMBER(SEARCH("sentence",N41))+ISNUMBER(SEARCH("stays with",N41))+ISNUMBER(SEARCH("side-by-side",N41)),"legal_present",IF(ISNUMBER(SEARCH("coupon",N41))+ISNUMBER(SEARCH("sale",N41)),"coupon_only","other")),"other"))
A42: 8/16/2026 2:06:26 | B42: Yes, continue | C42: Yes | D42: Woman | E42: 24–32 | F42: Coimbatore | G42: 15–40 | H42: Yes | I42: About weekly | J42: I meant to buy it soon | K42: Yes | L42: I’m worried about returns, exchange-only, or a seal tag | M42: Whether I can return or exchange it, Whether the next size exists, Fit on my body / height | N42: Return / seal-tag / exchange-only written as a sentence on the card, A kept-vs-returned story from people my size and height, on the wishlist card | O42: Return policy in words, not an icon, Whether Try and Buy exists on this SKU, How this sat on someone near my height | P42: Yes — I will buy one of them | Q42: WhatsApp / send photos to friends or family, YouTube haul / try-on | R42: Only buy brands I have kept before, Read 50+ reviews on the product page, Wait for a sale so a failed return hurts less, Don’t buy — leave it wishlisted | S42: Yes | T42: 4 | U42: 5 | V42: 3 | W42: 2 | X42: 2 | Y42: A shopping list I intend to buy from | Z42: 5'2"–5'5" | AA42: M | AB42: No — ethnic runs different | AC42: Mix of workwear and occasion | AD42: Exchange-only should scream before I get attached. I found it too late. | AE42: =IF(C42="","",IF(AND(D42="Woman",E42="24–32",OR(F42="Bengaluru",F42="Hyderabad",F42="Delhi",F42="Gurugram",F42="Noida",F42="Coimbatore"),OR(G42="15–40",G42="41–80",G42="81+"),H42="Yes",OR(I42="Most days",I42="About weekly")),"YES","NO")) | AF42: =IF(L42="","",IF(ISNUMBER(SEARCH("fit",L42)),"fit",IF(ISNUMBER(SEARCH("return",L42))+ISNUMBER(SEARCH("seal",L42)),"return",IF(ISNUMBER(SEARCH("chart",L42)),"chart",IF(ISNUMBER(SEARCH("choose",L42)),"compare",IF(ISNUMBER(SEARCH("sale",L42)),"sale",IF(ISNUMBER(SEARCH("never",L42)),"bookmark",IF(ISNUMBER(SEARCH("mess",L42)),"clutter",IF(ISNUMBER(SEARCH("wear it",L42)),"occasion",IF(ISNUMBER(SEARCH("quality",L42)),"quality","other")))))))))) | AG42: =IF(Q42="","",IF(OR(ISNUMBER(SEARCH("WhatsApp",Q42)),ISNUMBER(SEARCH("YouTube",Q42)),ISNUMBER(SEARCH("Instagram",Q42)),ISNUMBER(SEARCH("Google",Q42)),ISNUMBER(SEARCH("store",Q42)),ISNUMBER(SEARCH("two sizes",Q42))),"off_app","in_app")) | AH42: =IF(N42="","",IF(ISNUMBER(SEARCH("coupon",N42))+ISNUMBER(SEARCH("sale",N42))+ISNUMBER(SEARCH("kept-vs-returned",N42))+ISNUMBER(SEARCH("sentence",N42))+ISNUMBER(SEARCH("stays with",N42))+ISNUMBER(SEARCH("side-by-side",N42)),IF(ISNUMBER(SEARCH("kept-vs-returned",N42))+ISNUMBER(SEARCH("sentence",N42))+ISNUMBER(SEARCH("stays with",N42))+ISNUMBER(SEARCH("side-by-side",N42)),"legal_present",IF(ISNUMBER(SEARCH("coupon",N42))+ISNUMBER(SEARCH("sale",N42)),"coupon_only","other")),"other"))
A43: 8/16/2026 4:35:32 | B43: Yes, continue | C43: Yes | D43: Man | E43: 33–40 | F43: Mumbai | G43: 41–80 | H43: Yes | I43: Most days | J43: I meant to buy it soon | K43: Yes | L43: I don’t know if it will fit me / this brand’s cut | M43: Fit on my body / height, Which size to pick | N43: A kept-vs-returned story from people my size and height, on the wishlist card, A suggested size that stays with the saved item (not only on the product page) | O43: How this sat on someone near my height, Whether people who wear my usual size kept it, Length / crop / rise for my height, Ethnic size vs my top size, labelled separately | P43: No | Q43: WhatsApp / send photos to friends or family, YouTube haul / try-on | R43: Only buy brands I have kept before, Read 50+ reviews on the product page, Ask a friend their size in that brand | S43: Yes | T43: 5 | U43: 3 | V43: 2 | W43: 2 | X43: 2 | Y43: A shopping list I intend to buy from | Z43: Above 5'8" | AA43: M | AB43: No — ethnic runs different | AC43: Mostly casual / trends | AD43: Ethnic L is not my top M. The heart treats them as the same. | AE43: =IF(C43="","",IF(AND(D43="Woman",E43="24–32",OR(F43="Bengaluru",F43="Hyderabad",F43="Delhi",F43="Gurugram",F43="Noida",F43="Coimbatore"),OR(G43="15–40",G43="41–80",G43="81+"),H43="Yes",OR(I43="Most days",I43="About weekly")),"YES","NO")) | AF43: =IF(L43="","",IF(ISNUMBER(SEARCH("fit",L43)),"fit",IF(ISNUMBER(SEARCH("return",L43))+ISNUMBER(SEARCH("seal",L43)),"return",IF(ISNUMBER(SEARCH("chart",L43)),"chart",IF(ISNUMBER(SEARCH("choose",L43)),"compare",IF(ISNUMBER(SEARCH("sale",L43)),"sale",IF(ISNUMBER(SEARCH("never",L43)),"bookmark",IF(ISNUMBER(SEARCH("mess",L43)),"clutter",IF(ISNUMBER(SEARCH("wear it",L43)),"occasion",IF(ISNUMBER(SEARCH("quality",L43)),"quality","other")))))))))) | AG43: =IF(Q43="","",IF(OR(ISNUMBER(SEARCH("WhatsApp",Q43)),ISNUMBER(SEARCH("YouTube",Q43)),ISNUMBER(SEARCH("Instagram",Q43)),ISNUMBER(SEARCH("Google",Q43)),ISNUMBER(SEARCH("store",Q43)),ISNUMBER(SEARCH("two sizes",Q43))),"off_app","in_app")) | AH43: =IF(N43="","",IF(ISNUMBER(SEARCH("coupon",N43))+ISNUMBER(SEARCH("sale",N43))+ISNUMBER(SEARCH("kept-vs-returned",N43))+ISNUMBER(SEARCH("sentence",N43))+ISNUMBER(SEARCH("stays with",N43))+ISNUMBER(SEARCH("side-by-side",N43)),IF(ISNUMBER(SEARCH("kept-vs-returned",N43))+ISNUMBER(SEARCH("sentence",N43))+ISNUMBER(SEARCH("stays with",N43))+ISNUMBER(SEARCH("side-by-side",N43)),"legal_present",IF(ISNUMBER(SEARCH("coupon",N43))+ISNUMBER(SEARCH("sale",N43)),"coupon_only","other")),"other"))
A44: 8/16/2026 8:57:04 | B44: Yes, continue | C44: Yes | D44: Woman | E44: 24–32 | F44: Coimbatore | G44: 15–40 | H44: Yes | I44: Most days | J44: Waiting for a sale or price drop | K44: Yes | L44: I’m waiting for a sale or discount | M44: Price, Whether I can return or exchange it | N44: A coupon or sale, A kept-vs-returned story from people my size and height, on the wishlist card, A suggested size that stays with the saved item (not only on the product page) | O44: How this sat on someone near my height, Return policy in words, not an icon | P44: Yes — but I may buy none | Q44: WhatsApp / send photos to friends or family, YouTube haul / try-on | R44: Only buy brands I have kept before, Read 50+ reviews on the product page, Wait for a sale so a failed return hurts less, Don’t buy — leave it wishlisted | S44: No | T44: 3 | U44: 4 | V44: 5 | W44: 2 | X44: 4 | Y44: A shopping list I intend to buy from | Z44: Above 5'8" | AA44: S | AB44: No — ethnic runs different | AC44: Mostly occasion / ethnic | AE44: =IF(C44="","",IF(AND(D44="Woman",E44="24–32",OR(F44="Bengaluru",F44="Hyderabad",F44="Delhi",F44="Gurugram",F44="Noida",F44="Coimbatore"),OR(G44="15–40",G44="41–80",G44="81+"),H44="Yes",OR(I44="Most days",I44="About weekly")),"YES","NO")) | AF44: =IF(L44="","",IF(ISNUMBER(SEARCH("fit",L44)),"fit",IF(ISNUMBER(SEARCH("return",L44))+ISNUMBER(SEARCH("seal",L44)),"return",IF(ISNUMBER(SEARCH("chart",L44)),"chart",IF(ISNUMBER(SEARCH("choose",L44)),"compare",IF(ISNUMBER(SEARCH("sale",L44)),"sale",IF(ISNUMBER(SEARCH("never",L44)),"bookmark",IF(ISNUMBER(SEARCH("mess",L44)),"clutter",IF(ISNUMBER(SEARCH("wear it",L44)),"occasion",IF(ISNUMBER(SEARCH("quality",L44)),"quality","other")))))))))) | AG44: =IF(Q44="","",IF(OR(ISNUMBER(SEARCH("WhatsApp",Q44)),ISNUMBER(SEARCH("YouTube",Q44)),ISNUMBER(SEARCH("Instagram",Q44)),ISNUMBER(SEARCH("Google",Q44)),ISNUMBER(SEARCH("store",Q44)),ISNUMBER(SEARCH("two sizes",Q44))),"off_app","in_app")) | AH44: =IF(N44="","",IF(ISNUMBER(SEARCH("coupon",N44))+ISNUMBER(SEARCH("sale",N44))+ISNUMBER(SEARCH("kept-vs-returned",N44))+ISNUMBER(SEARCH("sentence",N44))+ISNUMBER(SEARCH("stays with",N44))+ISNUMBER(SEARCH("side-by-side",N44)),IF(ISNUMBER(SEARCH("kept-vs-returned",N44))+ISNUMBER(SEARCH("sentence",N44))+ISNUMBER(SEARCH("stays with",N44))+ISNUMBER(SEARCH("side-by-side",N44)),"legal_present",IF(ISNUMBER(SEARCH("coupon",N44))+ISNUMBER(SEARCH("sale",N44)),"coupon_only","other")),"other"))
A45: 8/16/2026 9:27:00 | B45: Yes, continue | C45: Yes | D45: Woman | E45: 24–32 | F45: Bengaluru | G45: 15–40 | H45: Yes | I45: About weekly | J45: I meant to buy it soon | K45: Yes | L45: I don’t know if it will fit me / this brand’s cut | M45: Fit on my body / height, Which size to pick, Whether I can return or exchange it | N45: A kept-vs-returned story from people my size and height, on the wishlist card, A suggested size that stays with the saved item (not only on the product page), Return / seal-tag / exchange-only written as a sentence on the card, A friend telling me to buy it | O45: How this sat on someone near my height, Whether people who wear my usual size kept it, Length / crop / rise for my height, Ethnic size vs my top size, labelled separately | P45: No | Q45: WhatsApp / send photos to friends or family, YouTube haul / try-on | R45: Only buy brands I have kept before, Read 50+ reviews on the product page, Ask a friend their size in that brand, Order two sizes | S45: Yes | T45: 5 | U45: 3 | V45: 2 | W45: 2 | X45: 4 | Y45: A shopping list I intend to buy from | Z45: 5'2"–5'5" | AA45: M | AB45: I don’t buy ethnic on Myntra | AC45: Mostly workwear | AE45: =IF(C45="","",IF(AND(D45="Woman",E45="24–32",OR(F45="Bengaluru",F45="Hyderabad",F45="Delhi",F45="Gurugram",F45="Noida",F45="Coimbatore"),OR(G45="15–40",G45="41–80",G45="81+"),H45="Yes",OR(I45="Most days",I45="About weekly")),"YES","NO")) | AF45: =IF(L45="","",IF(ISNUMBER(SEARCH("fit",L45)),"fit",IF(ISNUMBER(SEARCH("return",L45))+ISNUMBER(SEARCH("seal",L45)),"return",IF(ISNUMBER(SEARCH("chart",L45)),"chart",IF(ISNUMBER(SEARCH("choose",L45)),"compare",IF(ISNUMBER(SEARCH("sale",L45)),"sale",IF(ISNUMBER(SEARCH("never",L45)),"bookmark",IF(ISNUMBER(SEARCH("mess",L45)),"clutter",IF(ISNUMBER(SEARCH("wear it",L45)),"occasion",IF(ISNUMBER(SEARCH("quality",L45)),"quality","other")))))))))) | AG45: =IF(Q45="","",IF(OR(ISNUMBER(SEARCH("WhatsApp",Q45)),ISNUMBER(SEARCH("YouTube",Q45)),ISNUMBER(SEARCH("Instagram",Q45)),ISNUMBER(SEARCH("Google",Q45)),ISNUMBER(SEARCH("store",Q45)),ISNUMBER(SEARCH("two sizes",Q45))),"off_app","in_app")) | AH45: =IF(N45="","",IF(ISNUMBER(SEARCH("coupon",N45))+ISNUMBER(SEARCH("sale",N45))+ISNUMBER(SEARCH("kept-vs-returned",N45))+ISNUMBER(SEARCH("sentence",N45))+ISNUMBER(SEARCH("stays with",N45))+ISNUMBER(SEARCH("side-by-side",N45)),IF(ISNUMBER(SEARCH("kept-vs-returned",N45))+ISNUMBER(SEARCH("sentence",N45))+ISNUMBER(SEARCH("stays with",N45))+ISNUMBER(SEARCH("side-by-side",N45)),"legal_present",IF(ISNUMBER(SEARCH("coupon",N45))+ISNUMBER(SEARCH("sale",N45)),"coupon_only","other")),"other"))
A46: 8/16/2026 18:22:25 | B46: Yes, continue | C46: Yes | D46: Man | E46: 24–32 | F46: Hyderabad | G46: 15–40 | H46: Yes | I46: About weekly | J46: I meant to buy it soon | K46: Yes | L46: I don’t know if it will fit me / this brand’s cut | M46: Fit on my body / height, Which size to pick | N46: A kept-vs-returned story from people my size and height, on the wishlist card, A suggested size that stays with the saved item (not only on the product page) | O46: How this sat on someone near my height, Whether people who wear my usual size kept it, Length / crop / rise for my height | P46: No | Q46: WhatsApp / send photos to friends or family, YouTube haul / try-on, Order two sizes and return one (or used to) | R46: Only buy brands I have kept before, Read 50+ reviews on the product page, Ask a friend their size in that brand | S46: Yes | T46: 5 | U46: 3 | V46: 2 | W46: 2 | X46: 2 | Y46: A shopping list I intend to buy from | Z46: 5'2"–5'5" | AA46: L | AB46: Yes, same letter | AC46: Mix of workwear and occasion | AD46: Office trousers: rise and thigh. Wishlist has neither. | AE46: =IF(C46="","",IF(AND(D46="Woman",E46="24–32",OR(F46="Bengaluru",F46="Hyderabad",F46="Delhi",F46="Gurugram",F46="Noida",F46="Coimbatore"),OR(G46="15–40",G46="41–80",G46="81+"),H46="Yes",OR(I46="Most days",I46="About weekly")),"YES","NO")) | AF46: =IF(L46="","",IF(ISNUMBER(SEARCH("fit",L46)),"fit",IF(ISNUMBER(SEARCH("return",L46))+ISNUMBER(SEARCH("seal",L46)),"return",IF(ISNUMBER(SEARCH("chart",L46)),"chart",IF(ISNUMBER(SEARCH("choose",L46)),"compare",IF(ISNUMBER(SEARCH("sale",L46)),"sale",IF(ISNUMBER(SEARCH("never",L46)),"bookmark",IF(ISNUMBER(SEARCH("mess",L46)),"clutter",IF(ISNUMBER(SEARCH("wear it",L46)),"occasion",IF(ISNUMBER(SEARCH("quality",L46)),"quality","other")))))))))) | AG46: =IF(Q46="","",IF(OR(ISNUMBER(SEARCH("WhatsApp",Q46)),ISNUMBER(SEARCH("YouTube",Q46)),ISNUMBER(SEARCH("Instagram",Q46)),ISNUMBER(SEARCH("Google",Q46)),ISNUMBER(SEARCH("store",Q46)),ISNUMBER(SEARCH("two sizes",Q46))),"off_app","in_app")) | AH46: =IF(N46="","",IF(ISNUMBER(SEARCH("coupon",N46))+ISNUMBER(SEARCH("sale",N46))+ISNUMBER(SEARCH("kept-vs-returned",N46))+ISNUMBER(SEARCH("sentence",N46))+ISNUMBER(SEARCH("stays with",N46))+ISNUMBER(SEARCH("side-by-side",N46)),IF(ISNUMBER(SEARCH("kept-vs-returned",N46))+ISNUMBER(SEARCH("sentence",N46))+ISNUMBER(SEARCH("stays with",N46))+ISNUMBER(SEARCH("side-by-side",N46)),"legal_present",IF(ISNUMBER(SEARCH("coupon",N46))+ISNUMBER(SEARCH("sale",N46)),"coupon_only","other")),"other"))
A47: 8/16/2026 18:39:43 | B47: Yes, continue | C47: Yes | D47: Woman | E47: 24–32 | F47: Hyderabad | G47: 41–80 | H47: Yes | I47: Most days | J47: I meant to buy it soon | K47: Maybe | L47: I don’t trust the size chart | M47: Which size to pick, Fit on my body / height | N47: A kept-vs-returned story from people my size and height, on the wishlist card, A suggested size that stays with the saved item (not only on the product page), Return / seal-tag / exchange-only written as a sentence on the card | O47: How this sat on someone near my height, Whether people who wear my usual size kept it, Length / crop / rise for my height | P47: No | Q47: WhatsApp / send photos to friends or family, YouTube haul / try-on, Instagram | R47: Only buy brands I have kept before, Read 50+ reviews on the product page, Ask a friend their size in that brand, Don’t buy — leave it wishlisted | S47: Yes | T47: 5 | U47: 3 | V47: 2 | W47: 2 | X47: 2 | Y47: A mix | Z47: 5'2"–5'5" | AA47: M | AB47: No — ethnic runs different | AC47: Mix of workwear and occasion | AE47: =IF(C47="","",IF(AND(D47="Woman",E47="24–32",OR(F47="Bengaluru",F47="Hyderabad",F47="Delhi",F47="Gurugram",F47="Noida",F47="Coimbatore"),OR(G47="15–40",G47="41–80",G47="81+"),H47="Yes",OR(I47="Most days",I47="About weekly")),"YES","NO")) | AF47: =IF(L47="","",IF(ISNUMBER(SEARCH("fit",L47)),"fit",IF(ISNUMBER(SEARCH("return",L47))+ISNUMBER(SEARCH("seal",L47)),"return",IF(ISNUMBER(SEARCH("chart",L47)),"chart",IF(ISNUMBER(SEARCH("choose",L47)),"compare",IF(ISNUMBER(SEARCH("sale",L47)),"sale",IF(ISNUMBER(SEARCH("never",L47)),"bookmark",IF(ISNUMBER(SEARCH("mess",L47)),"clutter",IF(ISNUMBER(SEARCH("wear it",L47)),"occasion",IF(ISNUMBER(SEARCH("quality",L47)),"quality","other")))))))))) | AG47: =IF(Q47="","",IF(OR(ISNUMBER(SEARCH("WhatsApp",Q47)),ISNUMBER(SEARCH("YouTube",Q47)),ISNUMBER(SEARCH("Instagram",Q47)),ISNUMBER(SEARCH("Google",Q47)),ISNUMBER(SEARCH("store",Q47)),ISNUMBER(SEARCH("two sizes",Q47))),"off_app","in_app")) | AH47: =IF(N47="","",IF(ISNUMBER(SEARCH("coupon",N47))+ISNUMBER(SEARCH("sale",N47))+ISNUMBER(SEARCH("kept-vs-returned",N47))+ISNUMBER(SEARCH("sentence",N47))+ISNUMBER(SEARCH("stays with",N47))+ISNUMBER(SEARCH("side-by-side",N47)),IF(ISNUMBER(SEARCH("kept-vs-returned",N47))+ISNUMBER(SEARCH("sentence",N47))+ISNUMBER(SEARCH("stays with",N47))+ISNUMBER(SEARCH("side-by-side",N47)),"legal_present",IF(ISNUMBER(SEARCH("coupon",N47))+ISNUMBER(SEARCH("sale",N47)),"coupon_only","other")),"other"))
A48: 8/17/2026 11:13:20 | B48: Yes, continue | C48: Yes | D48: Woman | E48: 24–32 | F48: Hyderabad | G48: 41–80 | H48: Yes | I48: About weekly | J48: I meant to buy it soon | K48: Maybe | L48: I don’t trust the size chart | M48: Which size to pick, Fit on my body / height | N48: A kept-vs-returned story from people my size and height, on the wishlist card, A suggested size that stays with the saved item (not only on the product page) | O48: How this sat on someone near my height, Whether people who wear my usual size kept it, Length / crop / rise for my height, Ethnic size vs my top size, labelled separately | P48: Yes — I will buy one of them | Q48: WhatsApp / send photos to friends or family, YouTube haul / try-on, Visit a store to touch fabric or try a similar cut, Order two sizes and return one (or used to) | R48: Only buy brands I have kept before, Read 50+ reviews on the product page, Ask a friend their size in that brand, Don’t buy — leave it wishlisted | S48: Yes | T48: 5 | U48: 3 | V48: 2 | W48: 2 | X48: 2 | Y48: A mix | Z48: 5'2"–5'5" | AA48: M | AB48: No — ethnic runs different | AC48: Mostly occasion / ethnic | AE48: =IF(C48="","",IF(AND(D48="Woman",E48="24–32",OR(F48="Bengaluru",F48="Hyderabad",F48="Delhi",F48="Gurugram",F48="Noida",F48="Coimbatore"),OR(G48="15–40",G48="41–80",G48="81+"),H48="Yes",OR(I48="Most days",I48="About weekly")),"YES","NO")) | AF48: =IF(L48="","",IF(ISNUMBER(SEARCH("fit",L48)),"fit",IF(ISNUMBER(SEARCH("return",L48))+ISNUMBER(SEARCH("seal",L48)),"return",IF(ISNUMBER(SEARCH("chart",L48)),"chart",IF(ISNUMBER(SEARCH("choose",L48)),"compare",IF(ISNUMBER(SEARCH("sale",L48)),"sale",IF(ISNUMBER(SEARCH("never",L48)),"bookmark",IF(ISNUMBER(SEARCH("mess",L48)),"clutter",IF(ISNUMBER(SEARCH("wear it",L48)),"occasion",IF(ISNUMBER(SEARCH("quality",L48)),"quality","other")))))))))) | AG48: =IF(Q48="","",IF(OR(ISNUMBER(SEARCH("WhatsApp",Q48)),ISNUMBER(SEARCH("YouTube",Q48)),ISNUMBER(SEARCH("Instagram",Q48)),ISNUMBER(SEARCH("Google",Q48)),ISNUMBER(SEARCH("store",Q48)),ISNUMBER(SEARCH("two sizes",Q48))),"off_app","in_app")) | AH48: =IF(N48="","",IF(ISNUMBER(SEARCH("coupon",N48))+ISNUMBER(SEARCH("sale",N48))+ISNUMBER(SEARCH("kept-vs-returned",N48))+ISNUMBER(SEARCH("sentence",N48))+ISNUMBER(SEARCH("stays with",N48))+ISNUMBER(SEARCH("side-by-side",N48)),IF(ISNUMBER(SEARCH("kept-vs-returned",N48))+ISNUMBER(SEARCH("sentence",N48))+ISNUMBER(SEARCH("stays with",N48))+ISNUMBER(SEARCH("side-by-side",N48)),"legal_present",IF(ISNUMBER(SEARCH("coupon",N48))+ISNUMBER(SEARCH("sale",N48)),"coupon_only","other")),"other"))
A49: 8/17/2026 12:21:07 | B49: Yes, continue | C49: Yes | D49: Woman | E49: 24–32 | F49: Delhi | G49: 41–80 | H49: Yes | I49: About weekly | J49: I meant to buy it soon | K49: Yes | L49: I don’t know if it will fit me / this brand’s cut | M49: Fit on my body / height, Which size to pick, Whether I can return or exchange it | N49: A kept-vs-returned story from people my size and height, on the wishlist card, A suggested size that stays with the saved item (not only on the product page) | O49: How this sat on someone near my height, Whether people who wear my usual size kept it, Length / crop / rise for my height | P49: Yes — I will buy one of them | Q49: WhatsApp / send photos to friends or family, YouTube haul / try-on, Visit a store to touch fabric or try a similar cut | R49: Only buy brands I have kept before, Read 50+ reviews on the product page, Don’t buy — leave it wishlisted | S49: Yes | T49: 5 | U49: 3 | V49: 2 | W49: 2 | X49: 2 | Y49: A shopping list I intend to buy from | Z49: 5'2"–5'5" | AA49: M | AB49: Yes, same letter | AC49: Mostly occasion / ethnic | AD49: Between M and L. I postpone until I feel sure. I never feel sure. | AE49: =IF(C49="","",IF(AND(D49="Woman",E49="24–32",OR(F49="Bengaluru",F49="Hyderabad",F49="Delhi",F49="Gurugram",F49="Noida",F49="Coimbatore"),OR(G49="15–40",G49="41–80",G49="81+"),H49="Yes",OR(I49="Most days",I49="About weekly")),"YES","NO")) | AF49: =IF(L49="","",IF(ISNUMBER(SEARCH("fit",L49)),"fit",IF(ISNUMBER(SEARCH("return",L49))+ISNUMBER(SEARCH("seal",L49)),"return",IF(ISNUMBER(SEARCH("chart",L49)),"chart",IF(ISNUMBER(SEARCH("choose",L49)),"compare",IF(ISNUMBER(SEARCH("sale",L49)),"sale",IF(ISNUMBER(SEARCH("never",L49)),"bookmark",IF(ISNUMBER(SEARCH("mess",L49)),"clutter",IF(ISNUMBER(SEARCH("wear it",L49)),"occasion",IF(ISNUMBER(SEARCH("quality",L49)),"quality","other")))))))))) | AG49: =IF(Q49="","",IF(OR(ISNUMBER(SEARCH("WhatsApp",Q49)),ISNUMBER(SEARCH("YouTube",Q49)),ISNUMBER(SEARCH("Instagram",Q49)),ISNUMBER(SEARCH("Google",Q49)),ISNUMBER(SEARCH("store",Q49)),ISNUMBER(SEARCH("two sizes",Q49))),"off_app","in_app")) | AH49: =IF(N49="","",IF(ISNUMBER(SEARCH("coupon",N49))+ISNUMBER(SEARCH("sale",N49))+ISNUMBER(SEARCH("kept-vs-returned",N49))+ISNUMBER(SEARCH("sentence",N49))+ISNUMBER(SEARCH("stays with",N49))+ISNUMBER(SEARCH("side-by-side",N49)),IF(ISNUMBER(SEARCH("kept-vs-returned",N49))+ISNUMBER(SEARCH("sentence",N49))+ISNUMBER(SEARCH("stays with",N49))+ISNUMBER(SEARCH("side-by-side",N49)),"legal_present",IF(ISNUMBER(SEARCH("coupon",N49))+ISNUMBER(SEARCH("sale",N49)),"coupon_only","other")),"other"))
AE50: =IF(C50="","",IF(AND(D50="Woman",E50="24–32",OR(F50="Bengaluru",F50="Hyderabad",F50="Delhi",F50="Gurugram",F50="Noida",F50="Coimbatore"),OR(G50="15–40",G50="41–80",G50="81+"),H50="Yes",OR(I50="Most days",I50="About weekly")),"YES","NO")) | AF50: =IF(L50="","",IF(ISNUMBER(SEARCH("fit",L50)),"fit",IF(ISNUMBER(SEARCH("return",L50))+ISNUMBER(SEARCH("seal",L50)),"return",IF(ISNUMBER(SEARCH("chart",L50)),"chart",IF(ISNUMBER(SEARCH("choose",L50)),"compare",IF(ISNUMBER(SEARCH("sale",L50)),"sale",IF(ISNUMBER(SEARCH("never",L50)),"bookmark",IF(ISNUMBER(SEARCH("mess",L50)),"clutter",IF(ISNUMBER(SEARCH("wear it",L50)),"occasion",IF(ISNUMBER(SEARCH("quality",L50)),"quality","other")))))))))) | AG50: =IF(Q50="","",IF(OR(ISNUMBER(SEARCH("WhatsApp",Q50)),ISNUMBER(SEARCH("YouTube",Q50)),ISNUMBER(SEARCH("Instagram",Q50)),ISNUMBER(SEARCH("Google",Q50)),ISNUMBER(SEARCH("store",Q50)),ISNUMBER(SEARCH("two sizes",Q50))),"off_app","in_app")) | AH50: =IF(N50="","",IF(ISNUMBER(SEARCH("coupon",N50))+ISNUMBER(SEARCH("sale",N50))+ISNUMBER(SEARCH("kept-vs-returned",N50))+ISNUMBER(SEARCH("sentence",N50))+ISNUMBER(SEARCH("stays with",N50))+ISNUMBER(SEARCH("side-by-side",N50)),IF(ISNUMBER(SEARCH("kept-vs-returned",N50))+ISNUMBER(SEARCH("sentence",N50))+ISNUMBER(SEARCH("stays with",N50))+ISNUMBER(SEARCH("side-by-side",N50)),"legal_present",IF(ISNUMBER(SEARCH("coupon",N50))+ISNUMBER(SEARCH("sale",N50)),"coupon_only","other")),"other"))
AE51: =IF(C51="","",IF(AND(D51="Woman",E51="24–32",OR(F51="Bengaluru",F51="Hyderabad",F51="Delhi",F51="Gurugram",F51="Noida",F51="Coimbatore"),OR(G51="15–40",G51="41–80",G51="81+"),H51="Yes",OR(I51="Most days",I51="About weekly")),"YES","NO")) | AF51: =IF(L51="","",IF(ISNUMBER(SEARCH("fit",L51)),"fit",IF(ISNUMBER(SEARCH("return",L51))+ISNUMBER(SEARCH("seal",L51)),"return",IF(ISNUMBER(SEARCH("chart",L51)),"chart",IF(ISNUMBER(SEARCH("choose",L51)),"compare",IF(ISNUMBER(SEARCH("sale",L51)),"sale",IF(ISNUMBER(SEARCH("never",L51)),"bookmark",IF(ISNUMBER(SEARCH("mess",L51)),"clutter",IF(ISNUMBER(SEARCH("wear it",L51)),"occasion",IF(ISNUMBER(SEARCH("quality",L51)),"quality","other")))))))))) | AG51: =IF(Q51="","",IF(OR(ISNUMBER(SEARCH("WhatsApp",Q51)),ISNUMBER(SEARCH("YouTube",Q51)),ISNUMBER(SEARCH("Instagram",Q51)),ISNUMBER(SEARCH("Google",Q51)),ISNUMBER(SEARCH("store",Q51)),ISNUMBER(SEARCH("two sizes",Q51))),"off_app","in_app")) | AH51: =IF(N51="","",IF(ISNUMBER(SEARCH("coupon",N51))+ISNUMBER(SEARCH("sale",N51))+ISNUMBER(SEARCH("kept-vs-returned",N51))+ISNUMBER(SEARCH("sentence",N51))+ISNUMBER(SEARCH("stays with",N51))+ISNUMBER(SEARCH("side-by-side",N51)),IF(ISNUMBER(SEARCH("kept-vs-returned",N51))+ISNUMBER(SEARCH("sentence",N51))+ISNUMBER(SEARCH("stays with",N51))+ISNUMBER(SEARCH("side-by-side",N51)),"legal_present",IF(ISNUMBER(SEARCH("coupon",N51))+ISNUMBER(SEARCH("sale",N51)),"coupon_only","other")),"other"))
AE52: =IF(C52="","",IF(AND(D52="Woman",E52="24–32",OR(F52="Bengaluru",F52="Hyderabad",F52="Delhi",F52="Gurugram",F52="Noida",F52="Coimbatore"),OR(G52="15–40",G52="41–80",G52="81+"),H52="Yes",OR(I52="Most days",I52="About weekly")),"YES","NO")) | AF52: =IF(L52="","",IF(ISNUMBER(SEARCH("fit",L52)),"fit",IF(ISNUMBER(SEARCH("return",L52))+ISNUMBER(SEARCH("seal",L52)),"return",IF(ISNUMBER(SEARCH("chart",L52)),"chart",IF(ISNUMBER(SEARCH("choose",L52)),"compare",IF(ISNUMBER(SEARCH("sale",L52)),"sale",IF(ISNUMBER(SEARCH("never",L52)),"bookmark",IF(ISNUMBER(SEARCH("mess",L52)),"clutter",IF(ISNUMBER(SEARCH("wear it",L52)),"occasion",IF(ISNUMBER(SEARCH("quality",L52)),"quality","other")))))))))) | AG52: =IF(Q52="","",IF(OR(ISNUMBER(SEARCH("WhatsApp",Q52)),ISNUMBER(SEARCH("YouTube",Q52)),ISNUMBER(SEARCH("Instagram",Q52)),ISNUMBER(SEARCH("Google",Q52)),ISNUMBER(SEARCH("store",Q52)),ISNUMBER(SEARCH("two sizes",Q52))),"off_app","in_app")) | AH52: =IF(N52="","",IF(ISNUMBER(SEARCH("coupon",N52))+ISNUMBER(SEARCH("sale",N52))+ISNUMBER(SEARCH("kept-vs-returned",N52))+ISNUMBER(SEARCH("sentence",N52))+ISNUMBER(SEARCH("stays with",N52))+ISNUMBER(SEARCH("side-by-side",N52)),IF(ISNUMBER(SEARCH("kept-vs-returned",N52))+ISNUMBER(SEARCH("sentence",N52))+ISNUMBER(SEARCH("stays with",N52))+ISNUMBER(SEARCH("side-by-side",N52)),"legal_present",IF(ISNUMBER(SEARCH("coupon",N52))+ISNUMBER(SEARCH("sale",N52)),"coupon_only","other")),"other"))
AE53: =IF(C53="","",IF(AND(D53="Woman",E53="24–32",OR(F53="Bengaluru",F53="Hyderabad",F53="Delhi",F53="Gurugram",F53="Noida",F53="Coimbatore"),OR(G53="15–40",G53="41–80",G53="81+"),H53="Yes",OR(I53="Most days",I53="About weekly")),"YES","NO")) | AF53: =IF(L53="","",IF(ISNUMBER(SEARCH("fit",L53)),"fit",IF(ISNUMBER(SEARCH("return",L53))+ISNUMBER(SEARCH("seal",L53)),"return",IF(ISNUMBER(SEARCH("chart",L53)),"chart",IF(ISNUMBER(SEARCH("choose",L53)),"compare",IF(ISNUMBER(SEARCH("sale",L53)),"sale",IF(ISNUMBER(SEARCH("never",L53)),"bookmark",IF(ISNUMBER(SEARCH("mess",L53)),"clutter",IF(ISNUMBER(SEARCH("wear it",L53)),"occasion",IF(ISNUMBER(SEARCH("quality",L53)),"quality","other")))))))))) | AG53: =IF(Q53="","",IF(OR(ISNUMBER(SEARCH("WhatsApp",Q53)),ISNUMBER(SEARCH("YouTube",Q53)),ISNUMBER(SEARCH("Instagram",Q53)),ISNUMBER(SEARCH("Google",Q53)),ISNUMBER(SEARCH("store",Q53)),ISNUMBER(SEARCH("two sizes",Q53))),"off_app","in_app")) | AH53: =IF(N53="","",IF(ISNUMBER(SEARCH("coupon",N53))+ISNUMBER(SEARCH("sale",N53))+ISNUMBER(SEARCH("kept-vs-returned",N53))+ISNUMBER(SEARCH("sentence",N53))+ISNUMBER(SEARCH("stays with",N53))+ISNUMBER(SEARCH("side-by-side",N53)),IF(ISNUMBER(SEARCH("kept-vs-returned",N53))+ISNUMBER(SEARCH("sentence",N53))+ISNUMBER(SEARCH("stays with",N53))+ISNUMBER(SEARCH("side-by-side",N53)),"legal_present",IF(ISNUMBER(SEARCH("coupon",N53))+ISNUMBER(SEARCH("sale",N53)),"coupon_only","other")),"other"))
AE54: =IF(C54="","",IF(AND(D54="Woman",E54="24–32",OR(F54="Bengaluru",F54="Hyderabad",F54="Delhi",F54="Gurugram",F54="Noida",F54="Coimbatore"),OR(G54="15–40",G54="41–80",G54="81+"),H54="Yes",OR(I54="Most days",I54="About weekly")),"YES","NO")) | AF54: =IF(L54="","",IF(ISNUMBER(SEARCH("fit",L54)),"fit",IF(ISNUMBER(SEARCH("return",L54))+ISNUMBER(SEARCH("seal",L54)),"return",IF(ISNUMBER(SEARCH("chart",L54)),"chart",IF(ISNUMBER(SEARCH("choose",L54)),"compare",IF(ISNUMBER(SEARCH("sale",L54)),"sale",IF(ISNUMBER(SEARCH("never",L54)),"bookmark",IF(ISNUMBER(SEARCH("mess",L54)),"clutter",IF(ISNUMBER(SEARCH("wear it",L54)),"occasion",IF(ISNUMBER(SEARCH("quality",L54)),"quality","other")))))))))) | AG54: =IF(Q54="","",IF(OR(ISNUMBER(SEARCH("WhatsApp",Q54)),ISNUMBER(SEARCH("YouTube",Q54)),ISNUMBER(SEARCH("Instagram",Q54)),ISNUMBER(SEARCH("Google",Q54)),ISNUMBER(SEARCH("store",Q54)),ISNUMBER(SEARCH("two sizes",Q54))),"off_app","in_app")) | AH54: =IF(N54="","",IF(ISNUMBER(SEARCH("coupon",N54))+ISNUMBER(SEARCH("sale",N54))+ISNUMBER(SEARCH("kept-vs-returned",N54))+ISNUMBER(SEARCH("sentence",N54))+ISNUMBER(SEARCH("stays with",N54))+ISNUMBER(SEARCH("side-by-side",N54)),IF(ISNUMBER(SEARCH("kept-vs-returned",N54))+ISNUMBER(SEARCH("sentence",N54))+ISNUMBER(SEARCH("stays with",N54))+ISNUMBER(SEARCH("side-by-side",N54)),"legal_present",IF(ISNUMBER(SEARCH("coupon",N54))+ISNUMBER(SEARCH("sale",N54)),"coupon_only","other")),"other"))
AE55: =IF(C55="","",IF(AND(D55="Woman",E55="24–32",OR(F55="Bengaluru",F55="Hyderabad",F55="Delhi",F55="Gurugram",F55="Noida",F55="Coimbatore"),OR(G55="15–40",G55="41–80",G55="81+"),H55="Yes",OR(I55="Most days",I55="About weekly")),"YES","NO")) | AF55: =IF(L55="","",IF(ISNUMBER(SEARCH("fit",L55)),"fit",IF(ISNUMBER(SEARCH("return",L55))+ISNUMBER(SEARCH("seal",L55)),"return",IF(ISNUMBER(SEARCH("chart",L55)),"chart",IF(ISNUMBER(SEARCH("choose",L55)),"compare",IF(ISNUMBER(SEARCH("sale",L55)),"sale",IF(ISNUMBER(SEARCH("never",L55)),"bookmark",IF(ISNUMBER(SEARCH("mess",L55)),"clutter",IF(ISNUMBER(SEARCH("wear it",L55)),"occasion",IF(ISNUMBER(SEARCH("quality",L55)),"quality","other")))))))))) | AG55: =IF(Q55="","",IF(OR(ISNUMBER(SEARCH("WhatsApp",Q55)),ISNUMBER(SEARCH("YouTube",Q55)),ISNUMBER(SEARCH("Instagram",Q55)),ISNUMBER(SEARCH("Google",Q55)),ISNUMBER(SEARCH("store",Q55)),ISNUMBER(SEARCH("two sizes",Q55))),"off_app","in_app")) | AH55: =IF(N55="","",IF(ISNUMBER(SEARCH("coupon",N55))+ISNUMBER(SEARCH("sale",N55))+ISNUMBER(SEARCH("kept-vs-returned",N55))+ISNUMBER(SEARCH("sentence",N55))+ISNUMBER(SEARCH("stays with",N55))+ISNUMBER(SEARCH("side-by-side",N55)),IF(ISNUMBER(SEARCH("kept-vs-returned",N55))+ISNUMBER(SEARCH("sentence",N55))+ISNUMBER(SEARCH("stays with",N55))+ISNUMBER(SEARCH("side-by-side",N55)),"legal_present",IF(ISNUMBER(SEARCH("coupon",N55))+ISNUMBER(SEARCH("sale",N55)),"coupon_only","other")),"other"))
AE56: =IF(C56="","",IF(AND(D56="Woman",E56="24–32",OR(F56="Bengaluru",F56="Hyderabad",F56="Delhi",F56="Gurugram",F56="Noida",F56="Coimbatore"),OR(G56="15–40",G56="41–80",G56="81+"),H56="Yes",OR(I56="Most days",I56="About weekly")),"YES","NO")) | AF56: =IF(L56="","",IF(ISNUMBER(SEARCH("fit",L56)),"fit",IF(ISNUMBER(SEARCH("return",L56))+ISNUMBER(SEARCH("seal",L56)),"return",IF(ISNUMBER(SEARCH("chart",L56)),"chart",IF(ISNUMBER(SEARCH("choose",L56)),"compare",IF(ISNUMBER(SEARCH("sale",L56)),"sale",IF(ISNUMBER(SEARCH("never",L56)),"bookmark",IF(ISNUMBER(SEARCH("mess",L56)),"clutter",IF(ISNUMBER(SEARCH("wear it",L56)),"occasion",IF(ISNUMBER(SEARCH("quality",L56)),"quality","other")))))))))) | AG56: =IF(Q56="","",IF(OR(ISNUMBER(SEARCH("WhatsApp",Q56)),ISNUMBER(SEARCH("YouTube",Q56)),ISNUMBER(SEARCH("Instagram",Q56)),ISNUMBER(SEARCH("Google",Q56)),ISNUMBER(SEARCH("store",Q56)),ISNUMBER(SEARCH("two sizes",Q56))),"off_app","in_app")) | AH56: =IF(N56="","",IF(ISNUMBER(SEARCH("coupon",N56))+ISNUMBER(SEARCH("sale",N56))+ISNUMBER(SEARCH("kept-vs-returned",N56))+ISNUMBER(SEARCH("sentence",N56))+ISNUMBER(SEARCH("stays with",N56))+ISNUMBER(SEARCH("side-by-side",N56)),IF(ISNUMBER(SEARCH("kept-vs-returned",N56))+ISNUMBER(SEARCH("sentence",N56))+ISNUMBER(SEARCH("stays with",N56))+ISNUMBER(SEARCH("side-by-side",N56)),"legal_present",IF(ISNUMBER(SEARCH("coupon",N56))+ISNUMBER(SEARCH("sale",N56)),"coupon_only","other")),"other"))
AE57: =IF(C57="","",IF(AND(D57="Woman",E57="24–32",OR(F57="Bengaluru",F57="Hyderabad",F57="Delhi",F57="Gurugram",F57="Noida",F57="Coimbatore"),OR(G57="15–40",G57="41–80",G57="81+"),H57="Yes",OR(I57="Most days",I57="About weekly")),"YES","NO")) | AF57: =IF(L57="","",IF(ISNUMBER(SEARCH("fit",L57)),"fit",IF(ISNUMBER(SEARCH("return",L57))+ISNUMBER(SEARCH("seal",L57)),"return",IF(ISNUMBER(SEARCH("chart",L57)),"chart",IF(ISNUMBER(SEARCH("choose",L57)),"compare",IF(ISNUMBER(SEARCH("sale",L57)),"sale",IF(ISNUMBER(SEARCH("never",L57)),"bookmark",IF(ISNUMBER(SEARCH("mess",L57)),"clutter",IF(ISNUMBER(SEARCH("wear it",L57)),"occasion",IF(ISNUMBER(SEARCH("quality",L57)),"quality","other")))))))))) | AG57: =IF(Q57="","",IF(OR(ISNUMBER(SEARCH("WhatsApp",Q57)),ISNUMBER(SEARCH("YouTube",Q57)),ISNUMBER(SEARCH("Instagram",Q57)),ISNUMBER(SEARCH("Google",Q57)),ISNUMBER(SEARCH("store",Q57)),ISNUMBER(SEARCH("two sizes",Q57))),"off_app","in_app")) | AH57: =IF(N57="","",IF(ISNUMBER(SEARCH("coupon",N57))+ISNUMBER(SEARCH("sale",N57))+ISNUMBER(SEARCH("kept-vs-returned",N57))+ISNUMBER(SEARCH("sentence",N57))+ISNUMBER(SEARCH("stays with",N57))+ISNUMBER(SEARCH("side-by-side",N57)),IF(ISNUMBER(SEARCH("kept-vs-returned",N57))+ISNUMBER(SEARCH("sentence",N57))+ISNUMBER(SEARCH("stays with",N57))+ISNUMBER(SEARCH("side-by-side",N57)),"legal_present",IF(ISNUMBER(SEARCH("coupon",N57))+ISNUMBER(SEARCH("sale",N57)),"coupon_only","other")),"other"))
AE58: =IF(C58="","",IF(AND(D58="Woman",E58="24–32",OR(F58="Bengaluru",F58="Hyderabad",F58="Delhi",F58="Gurugram",F58="Noida",F58="Coimbatore"),OR(G58="15–40",G58="41–80",G58="81+"),H58="Yes",OR(I58="Most days",I58="About weekly")),"YES","NO")) | AF58: =IF(L58="","",IF(ISNUMBER(SEARCH("fit",L58)),"fit",IF(ISNUMBER(SEARCH("return",L58))+ISNUMBER(SEARCH("seal",L58)),"return",IF(ISNUMBER(SEARCH("chart",L58)),"chart",IF(ISNUMBER(SEARCH("choose",L58)),"compare",IF(ISNUMBER(SEARCH("sale",L58)),"sale",IF(ISNUMBER(SEARCH("never",L58)),"bookmark",IF(ISNUMBER(SEARCH("mess",L58)),"clutter",IF(ISNUMBER(SEARCH("wear it",L58)),"occasion",IF(ISNUMBER(SEARCH("quality",L58)),"quality","other")))))))))) | AG58: =IF(Q58="","",IF(OR(ISNUMBER(SEARCH("WhatsApp",Q58)),ISNUMBER(SEARCH("YouTube",Q58)),ISNUMBER(SEARCH("Instagram",Q58)),ISNUMBER(SEARCH("Google",Q58)),ISNUMBER(SEARCH("store",Q58)),ISNUMBER(SEARCH("two sizes",Q58))),"off_app","in_app")) | AH58: =IF(N58="","",IF(ISNUMBER(SEARCH("coupon",N58))+ISNUMBER(SEARCH("sale",N58))+ISNUMBER(SEARCH("kept-vs-returned",N58))+ISNUMBER(SEARCH("sentence",N58))+ISNUMBER(SEARCH("stays with",N58))+ISNUMBER(SEARCH("side-by-side",N58)),IF(ISNUMBER(SEARCH("kept-vs-returned",N58))+ISNUMBER(SEARCH("sentence",N58))+ISNUMBER(SEARCH("stays with",N58))+ISNUMBER(SEARCH("side-by-side",N58)),"legal_present",IF(ISNUMBER(SEARCH("coupon",N58))+ISNUMBER(SEARCH("sale",N58)),"coupon_only","other")),"other"))
AE59: =IF(C59="","",IF(AND(D59="Woman",E59="24–32",OR(F59="Bengaluru",F59="Hyderabad",F59="Delhi",F59="Gurugram",F59="Noida",F59="Coimbatore"),OR(G59="15–40",G59="41–80",G59="81+"),H59="Yes",OR(I59="Most days",I59="About weekly")),"YES","NO")) | AF59: =IF(L59="","",IF(ISNUMBER(SEARCH("fit",L59)),"fit",IF(ISNUMBER(SEARCH("return",L59))+ISNUMBER(SEARCH("seal",L59)),"return",IF(ISNUMBER(SEARCH("chart",L59)),"chart",IF(ISNUMBER(SEARCH("choose",L59)),"compare",IF(ISNUMBER(SEARCH("sale",L59)),"sale",IF(ISNUMBER(SEARCH("never",L59)),"bookmark",IF(ISNUMBER(SEARCH("mess",L59)),"clutter",IF(ISNUMBER(SEARCH("wear it",L59)),"occasion",IF(ISNUMBER(SEARCH("quality",L59)),"quality","other")))))))))) | AG59: =IF(Q59="","",IF(OR(ISNUMBER(SEARCH("WhatsApp",Q59)),ISNUMBER(SEARCH("YouTube",Q59)),ISNUMBER(SEARCH("Instagram",Q59)),ISNUMBER(SEARCH("Google",Q59)),ISNUMBER(SEARCH("store",Q59)),ISNUMBER(SEARCH("two sizes",Q59))),"off_app","in_app")) | AH59: =IF(N59="","",IF(ISNUMBER(SEARCH("coupon",N59))+ISNUMBER(SEARCH("sale",N59))+ISNUMBER(SEARCH("kept-vs-returned",N59))+ISNUMBER(SEARCH("sentence",N59))+ISNUMBER(SEARCH("stays with",N59))+ISNUMBER(SEARCH("side-by-side",N59)),IF(ISNUMBER(SEARCH("kept-vs-returned",N59))+ISNUMBER(SEARCH("sentence",N59))+ISNUMBER(SEARCH("stays with",N59))+ISNUMBER(SEARCH("side-by-side",N59)),"legal_present",IF(ISNUMBER(SEARCH("coupon",N59))+ISNUMBER(SEARCH("sale",N59)),"coupon_only","other")),"other"))
A60: Sample rows are filled. Paste live Form answers over Timestamp…Q13. Do not delete formula columns in_target / q3_code / off_app / legal_lever.

Sheet Analysis
A1: Cuts that update from Responses (target = in_target YES)
A3: Cut | B3: How to read it | C3: Count / share
A4: N with timestamp | B4: Started the form | C4: =COUNTA(Responses!A2:A59)
A5: N in_target | B5: Woman 24–32 metro 15+ weekly delayed save | C5: =COUNTIF(Responses!AE2:AE59,"YES")
A6: Target · still intend Yes | B6: North-star population inside target | C6: =COUNTIFS(Responses!AE2:AE59,"YES",Responses!K2:K59,"Yes")
A7: Target · Q3 = fit | B7: Legal primary freeze | C7: =COUNTIFS(Responses!AE2:AE59,"YES",Responses!AF2:AF59,"fit")
A8: Target · Q3 = return | B8: Co-primary | C8: =COUNTIFS(Responses!AE2:AE59,"YES",Responses!AF2:AF59,"return")
A9: Target · Q3 = sale | B9: Rank. Do not ship. | C9: =COUNTIFS(Responses!AE2:AE59,"YES",Responses!AF2:AF59,"sale")
A10: Target · Q3 = bookmark | B10: Still exploring. Do not convert. | C10: =COUNTIFS(Responses!AE2:AE59,"YES",Responses!AF2:AF59,"bookmark")
A11: Target · PDP story vanished (Q10a Yes) | B11: Mechanism for Verdict on the card | C11: =COUNTIFS(Responses!AE2:AE59,"YES",Responses!S2:S59,"Yes")
A12: Target · wishlist is moodboard (Q12) | B12: Over-nudge guardrail | C12: =COUNTIFS(Responses!AE2:AE59,"YES",Responses!Y2:Y59,"A moodboard / Pinterest")
A13: % of target whose Q3 is fit | B13: If sale > fit, still do not coupon. Check Q9 for risk-offset. | C13: =IF(C5=0,"",C7/C5)
A14: % of target whose Q3 is sale | B14: DISQUALIFIED lever frequency | C14: =IF(C5=0,"",C9/C5)
A16: Share this xlsx (or the live Google Sheet view link) as the supporting URL. Form URL is a slot on Docs until you paste it.
